config_id,PERSONALITY_WEIGHT,TRAIT_DRIFT,TRAIT_SATURATION,LANDMARK_BONUS,HARDSHIP_MAX_BOOST,FLOOR_DECAY_PER_DAY,LANDMARK_PERMANENT,GOAL_BONUS,GOAL_OFF_TASK,GOAL_SWITCH_MARGIN,GOAL_MIN_DAYS,GOAL_REFRACTORY,GOAL_STALL_DAYS,GOAL_SLACK_FOOD,GOAL_SLACK_COND,n_move,n_stay,dead_move,dead_stay,ratio_move,logratio_move,ratio_stay,goal_ratio_move,keep
11,40.22688,1.018294,0.880937,31.081376,14.487193,0.283732,0.583243,55.562744,21.330327,0.352708,3,3,4,2.866245,61.257664,114,69,0.62,0.77,1.23082,0.19515,1.32285,1.1384,0.93043
10,28.331813,1.110731,0.689801,23.347873,31.061663,0.2622,0.336375,23.87791,17.236158,0.410119,1,11,2,7.806472,84.177441,273,196,0.09,0.3467,1.1132,0.09944,1.2177,1.10785,0.91419
6,23.625102,1.096105,0.472868,47.21851,14.260798,0.37529,0.173886,38.191523,8.948511,0.252121,2,5,4,6.472078,76.444127,258,196,0.14,0.3467,1.02116,0.01932,1.23824,1.06342,0.82469
5,21.833771,1.969766,0.28269,25.649783,12.749148,0.21311,0.120866,17.677738,7.101077,0.138575,2,7,2,5.675307,72.730044,273,174,0.09,0.42,0.97943,-0.02894,1.06253,1.18127,0.92178
9,18.747317,0.686902,0.539985,43.136796,12.605166,0.227772,0.269257,22.887431,23.627955,0.335357,1,4,3,3.769373,99.809755,279,216,0.07,0.28,1.0077,-0.0051,1.15926,1.05178,0.86926
2,23.212345,0.932559,0.21243,16.951145,38.063756,0.422111,0.691878,24.676315,8.728556,0.340625,2,11,3,5.044784,74.699895,280,228,0.0667,0.24,1.14931,0.11795,1.2504,0.96749,0.91916
13,19.506919,1.142289,0.221622,16.494325,29.992281,0.616785,0.270892,41.137083,17.846454,0.249047,1,5,8,4.730534,97.955555,288,246,0.04,0.18,1.10897,0.07683,1.35352,0.95792,0.81933
14,37.556942,0.892202,0.443531,18.443254,43.228754,0.201926,0.253875,61.510385,21.651224,0.20896,1,4,4,2.586094,96.821702,292,255,0.0267,0.15,0.91647,-0.07489,1.11746,1.26762,0.82014
4,25.154615,0.769655,0.760289,21.769504,31.550613,0.198468,0.563354,47.986604,9.083203,0.200932,3,10,3,7.160266,91.145089,294,264,0.02,0.12,1.02108,0.01284,1.29536,1.0536,0.78826
16,23.018918,1.013088,0.597262,34.284415,29.26996,0.686355,0.767435,20.10395,23.838518,0.253907,2,4,5,7.201216,62.613152,271,197,0.0967,0.3433,0.97562,-0.01991,1.1006,1.01761,0.88645
15,35.928397,1.170451,0.374664,22.588404,22.825695,0.494624,0.306565,25.207608,7.606633,0.1376,3,7,8,2.344858,81.023228,236,152,0.2133,0.4933,1.32924,0.29218,1.30496,1.30354,1.01861
17,35.780225,1.932244,0.5074,14.049117,26.95851,0.184445,0.777996,39.649536,7.281801,0.435732,3,12,6,2.369079,98.28505,235,138,0.2167,0.54,1.40437,0.33599,1.37942,1.26114,1.01809
20,48.312001,1.145535,0.394787,13.681801,22.199374,0.310185,0.415836,56.822041,24.237236,0.185839,2,12,3,7.193108,94.42357,61,,0.7967,,1.19821,0.16567,,1.11349,
18,27.0934,0.720513,0.383719,31.180024,26.935944,0.251485,0.438308,19.974841,25.969094,0.285338,1,11,7,3.758956,87.624487,275,198,0.0833,0.34,1.03057,0.02911,1.14142,1.05301,0.90288
23,29.919763,0.674431,0.146301,25.211038,17.734772,0.463239,0.132629,24.06346,26.497507,0.474295,2,10,4,7.128474,71.882227,279,215,0.07,0.2833,1.00141,-0.00624,1.15541,0.98624,0.86671
19,16.419757,1.491883,0.421028,30.241294,16.303444,0.53835,0.210955,32.977211,7.954275,0.180318,1,4,4,7.067677,66.688853,284,215,0.0533,0.2833,1.1401,0.11069,1.27764,0.9871,0.89235
24,40.212753,1.222193,0.542994,13.177098,24.797441,0.231028,0.644599,16.359009,12.090809,0.130359,1,4,8,2.173013,73.912572,220,130,0.2667,0.5667,1.03887,0.05627,1.07958,1.14767,0.96229
21,23.44883,1.00537,0.660358,22.701889,19.190283,0.421483,0.309541,20.32543,7.870631,0.497546,3,12,2,6.520653,97.246146,279,206,0.07,0.3133,0.97385,-0.03322,1.05244,1.00626,0.92533
27,21.575163,1.213039,0.397821,46.407311,22.652934,0.404787,0.67088,29.484082,27.694734,0.219724,4,9,7,2.288718,85.049694,275,218,0.0833,0.2733,1.09758,0.0933,1.25768,1.08746,0.8727
31,43.032616,0.686078,0.829777,40.384754,12.714,0.325416,0.378501,18.2045,23.914741,0.345807,3,6,3,6.749742,93.318999,104,,0.6533,,0.95119,-0.02871,,1.35565,
30,17.82798,2.264901,0.597953,27.332263,43.724479,0.456034,0.755305,40.608791,14.914252,0.157719,1,8,3,2.023643,93.734983,288,234,0.04,0.22,1.09674,0.0685,1.3481,1.19719,0.81355
29,33.186512,0.992491,0.551598,13.702578,21.552602,0.440387,0.387224,55.155865,10.88395,0.217941,1,7,5,4.62728,89.577545,290,247,0.0333,0.1767,1.07883,0.06493,1.2465,1.11583,0.86549
26,18.496655,1.20345,0.577555,24.547398,14.936487,0.527645,0.743028,25.192314,13.37671,0.313036,4,12,5,2.778392,73.970607,284,224,0.0533,0.2533,1.10547,0.07784,1.25786,0.95919,0.87885
28,31.615202,0.718756,0.180876,40.266522,11.211276,0.565256,0.748379,27.28092,15.994225,0.301877,4,4,6,2.440378,70.430634,190,93,0.3667,0.69,1.19217,0.18208,1.2107,1.23885,0.98469
33,25.959062,0.892201,0.831312,33.51006,32.430141,0.177591,0.116611,25.555274,8.05735,0.289395,3,12,2,4.021511,69.406065,282,218,0.06,0.2733,1.09956,0.0809,1.22118,1.02306,0.90041
35,31.185757,1.757593,0.812663,36.386264,13.986681,0.58742,0.530122,52.168899,7.606011,0.152198,3,11,8,4.158212,67.746489,89,,0.7033,,1.20504,0.17063,,1.10839,
34,17.549705,1.545704,0.793586,19.683148,26.49286,0.55329,0.221367,29.042654,17.762987,0.484707,3,8,5,4.321155,84.773432,289,242,0.0367,0.1933,1.11609,0.08172,1.35774,0.86125,0.82202
36,28.385722,1.676745,0.350648,12.80291,29.275505,0.307105,0.372507,23.776435,9.745402,0.241824,4,7,2,6.238798,61.666604,268,175,0.1067,0.4167,1.38049,0.31223,1.31742,1.11528,1.04787
38,15.135161,2.014592,0.63888,35.38425,19.43039,0.289529,0.655938,40.196565,24.536355,0.204466,1,9,3,7.656859,63.320017,283,215,0.0567,0.2833,1.08644,0.06963,1.28469,0.99102,0.84568
40,32.460452,0.640662,0.127646,29.997898,11.183558,0.274525,0.443854,61.798839,12.47535,0.225688,3,6,5,5.720071,64.176439,286,244,0.0467,0.1867,0.99593,0.00029,1.20469,1.14195,0.82671
41,32.928051,1.583063,0.425475,13.490778,27.609993,0.174922,0.717464,46.492178,18.067508,0.463884,1,4,7,6.22287,71.010371,281,221,0.0633,0.2633,1.23974,0.19421,1.29376,1.12968,0.95825
44,26.904447,0.750299,0.970335,43.459848,13.790121,0.509137,0.370801,17.590544,7.878221,0.218408,1,9,8,7.839067,81.844676,268,174,0.1067,0.42,0.92774,-0.07524,1.06656,1.08743,0.86984
46,34.238511,2.14218,0.677353,15.548298,29.406257,0.422153,0.573339,21.001124,15.178612,0.14831,3,4,7,4.266616,87.73507,200,98,0.3333,0.6733,1.79297,0.61639,1.75346,1.3687,1.02253
47,15.437094,1.161949,0.786626,21.347185,18.060373,0.294013,0.406813,20.290471,8.347385,0.158879,3,5,3,2.775976,62.395294,285,235,0.05,0.2167,1.00133,-0.00326,1.16054,0.81939,0.86282
43,22.293816,1.567621,0.658455,21.037441,21.815975,0.285151,0.798856,21.09968,9.281348,0.134864,2,8,2,5.989049,86.327196,280,204,0.0667,0.32,1.14747,0.12724,1.24438,1.08596,0.92213
49,19.449917,0.830004,0.929744,17.397561,25.825354,0.201517,0.142775,18.373181,9.44023,0.153345,1,5,3,7.430352,96.877027,271,194,0.0967,0.3533,0.9817,0.00047,1.1034,0.93776,0.88971
52,29.827041,0.757936,0.488455,12.944157,23.706526,0.411827,0.316743,39.569943,20.348475,0.183594,1,5,8,4.533689,69.145992,288,241,0.04,0.1967,1.10766,0.07982,1.30401,0.90894,0.84943
51,32.436941,0.65506,0.866412,25.362956,34.383792,0.287901,0.488259,55.045076,8.943697,0.385764,3,12,7,6.932566,83.136239,293,256,0.0233,0.1467,1.02233,0.01057,1.29232,1.03142,0.79108
53,23.095389,0.845413,0.088135,48.706819,14.29549,0.29968,0.332382,26.479326,9.327314,0.141157,1,6,4,3.842379,75.12436,269,205,0.1033,0.3167,1.12699,0.10328,1.29047,1.08201,0.87332
50,17.964518,0.762121,0.308451,16.647191,14.391828,0.557641,0.726685,46.787734,13.96811,0.171489,2,9,6,7.252034,98.017919,294,273,0.02,0.09,0.98501,-0.02262,1.2989,0.91142,0.75835
58,38.678387,1.725282,0.423298,16.443844,12.975534,0.191773,0.536496,21.611482,23.134592,0.292957,4,3,3,4.336628,92.503471,107,,0.6433,,1.36028,0.30794,,1.23775,
55,38.569647,1.091816,0.579936,26.569686,32.987213,0.24663,0.26836,57.19975,12.062252,0.170183,1,8,4,2.029138,71.800606,203,149,0.3233,0.5033,1.09563,0.09133,1.21105,1.20099,0.9047
56,38.049108,0.825784,0.796672,13.475107,40.371207,0.219184,0.71383,28.248144,12.085547,0.144626,1,10,5,4.253654,71.955493,271,195,0.0967,0.35,1.24493,0.19975,1.27218,1.05766,0.97858
59,25.661915,1.457599,0.675855,29.44106,39.656234,0.224835,0.459815,38.063463,11.079358,0.136384,2,12,5,2.109304,70.274279,283,231,0.0567,0.23,1.11191,0.08937,1.22489,1.07139,0.90776
62,36.139751,1.386405,0.179916,17.593858,11.947273,0.184681,0.653125,22.322808,17.885986,0.204256,3,11,5,5.72246,85.043997,125,75,0.5833,0.75,1.21782,0.20206,1.43285,1.19232,0.84993
60,17.36278,0.702894,0.832792,48.357756,16.128101,0.250831,0.125299,55.629669,15.353786,0.405297,2,10,8,4.508903,61.724344,290,259,0.0333,0.1367,0.92695,-0.06055,1.19076,0.97195,0.77845
57,29.544712,1.006502,0.028628,36.600518,30.346678,0.390746,0.247796,20.270512,24.886588,0.235645,3,9,6,3.543966,86.419449,250,169,0.1667,0.4367,1.09118,0.0827,1.19744,1.15579,0.91126
63,23.901863,1.38933,0.4023,36.539465,24.150661,0.56176,0.409977,20.6768,16.158273,0.330065,4,9,4,4.243151,74.273114,270,187,0.1,0.3767,1.12778,0.10778,1.22999,1.21513,0.9169
61,15.726446,0.93484,0.006904,13.384022,24.442185,0.366502,0.6285,30.906098,14.203694,0.359512,3,11,3,4.404677,71.75527,290,262,0.0333,0.1267,1.04571,0.03172,1.32224,0.9612,0.79086
64,26.823914,0.873701,0.04708,39.433694,21.577442,0.424264,0.110096,19.644043,16.40915,0.193151,3,3,4,5.104588,70.810173,267,191,0.11,0.3633,0.97058,-0.03461,1.13918,1.12771,0.852
65,25.100867,0.877913,0.272514,17.212514,22.741762,0.59233,0.580242,33.259205,10.92418,0.470269,4,6,6,2.068285,88.143844,287,237,0.0433,0.21,1.13578,0.10635,1.31886,0.9538,0.86118
70,25.099987,0.616634,0.059425,41.796665,11.876543,0.23982,0.298464,18.308792,27.282815,0.160052,3,10,4,4.775341,85.033152,273,193,0.09,0.3567,0.97615,-0.01728,1.08434,1.14767,0.90022
69,24.214065,2.138496,0.024412,33.55868,25.025037,0.17111,0.612447,49.151021,14.948385,0.498999,2,12,8,3.048488,62.832361,276,211,0.08,0.2967,1.11103,0.09803,1.20757,1.0382,0.92006
71,34.154346,2.279996,0.534748,20.295389,28.056961,0.269257,0.49461,58.404531,11.861257,0.269348,4,9,2,5.031381,71.026466,215,121,0.2833,0.5967,1.20839,0.19242,1.36153,1.1309,0.88752
73,24.431174,0.933126,0.456746,14.519835,26.935575,0.455232,0.105782,21.823019,25.847747,0.436937,3,11,8,4.748083,65.752813,281,221,0.0633,0.2633,1.12356,0.10828,1.22932,0.951,0.91397
72,17.108672,1.487114,0.441036,29.567983,16.28212,0.304597,0.167053,38.655339,22.220583,0.15065,2,3,5,4.18893,61.150288,291,255,0.03,0.15,1.0155,0.00442,1.2599,0.99006,0.80602
77,29.679461,0.751362,0.429406,28.445543,35.537659,0.415196,0.752559,16.794677,13.330313,0.488748,2,10,4,6.082856,86.38492,274,188,0.0867,0.3733,0.93732,-0.05473,1.06543,1.12398,0.87975
79,21.054594,1.559916,0.470192,16.564728,15.559888,0.666108,0.322426,31.374613,26.431775,0.256614,4,4,5,4.203588,67.840838,285,231,0.05,0.23,1.16363,0.12077,1.38751,0.86956,0.83865
76,46.40255,0.675217,0.802441,24.814162,15.374965,0.187338,0.213834,23.718939,12.935259,0.195035,4,8,4,5.706298,94.607852,127,63,0.5767,0.79,1.22683,0.20389,1.29491,1.19654,0.94742
74,18.84079,2.007355,0.257445,26.740035,20.325976,0.203657,0.634952,46.003891,7.167884,0.320897,3,7,5,3.157899,65.680244,293,257,0.0233,0.1433,1.0316,0.01573,1.22184,1.06409,0.8443
80,21.060853,1.990965,0.703721,21.996588,39.714559,0.600809,0.219377,21.005481,23.790548,0.161947,1,12,3,5.995958,72.156061,279,181,0.07,0.3967,1.2291,0.21169,1.41029,1.1675,0.87153
78,27.406617,0.670354,0.799594,17.562513,18.139615,0.269432,0.726252,16.601676,16.942142,0.30504,3,6,4,4.198855,66.84503,276,206,0.08,0.3133,0.98709,0.00113,1.08144,0.97633,0.91275
82,33.892624,0.82155,0.25169,39.204723,19.853327,0.305915,0.498221,25.127191,13.603099,0.379609,4,7,2,2.274166,75.539061,123,63,0.59,0.79,1.16672,0.15115,1.19645,1.17887,0.97515
83,17.925625,1.819099,0.774241,24.387013,11.243599,0.57549,0.754952,57.111725,25.110913,0.216027,2,5,6,2.039581,67.73521,295,266,0.0167,0.1133,1.02229,0.01288,1.32496,1.02599,0.77156
84,32.263949,1.019958,0.513765,22.342058,26.80709,0.376876,0.100655,24.908468,10.48939,0.493053,4,12,7,2.792947,89.273107,274,205,0.0867,0.3167,1.23923,0.19508,1.23258,1.11957,1.0054
86,19.069179,2.02198,0.725054,38.836389,19.288805,0.337285,0.159904,35.752551,15.353357,0.472805,3,12,5,7.324626,94.813764,287,235,0.0433,0.2167,1.01629,0.00465,1.23044,1.0103,0.82596
90,25.705472,0.766228,0.809404,32.943084,29.032805,0.356423,0.714372,25.94525,15.949423,0.405487,2,8,5,2.677086,61.91993,280,222,0.0667,0.26,1.07326,0.05435,1.2539,1.01016,0.85594
89,20.31652,0.917524,0.354811,49.446073,14.603968,0.565919,0.199075,56.256364,8.993922,0.480642,2,9,7,3.814511,72.550459,288,257,0.04,0.1433,0.95473,-0.03179,1.1995,1.09394,0.79594
92,15.362636,0.701379,0.0848,14.820581,15.248319,0.219843,0.279611,19.73669,15.280083,0.131091,4,5,5,3.580461,92.958574,285,231,0.05,0.23,0.94432,-0.06091,1.09907,0.87529,0.8592
87,21.982729,1.816309,0.951697,40.167547,28.974102,0.42561,0.668639,58.803977,27.685268,0.208498,1,12,8,3.716898,61.185266,290,248,0.0333,0.1733,1.04203,0.04813,1.19232,1.03496,0.87395
95,19.312352,1.454287,0.265965,27.306273,12.199853,0.392827,0.241519,31.065387,18.516928,0.483297,1,10,3,2.196597,98.779668,283,228,0.0567,0.24,1.153,0.11154,1.29532,1.04691,0.89013
96,16.500389,2.261946,0.739961,40.03642,32.01491,0.692728,0.722006,30.913029,14.182359,0.231503,2,9,7,4.697159,98.680852,280,221,0.0667,0.2633,1.10867,0.08568,1.28911,1.09514,0.86003
97,21.076944,0.611074,0.750922,44.798687,12.647972,0.411434,0.546917,61.339074,9.173689,0.172239,1,11,8,5.172132,83.142846,295,261,0.0167,0.13,0.96023,-0.02927,1.2488,1.00706,0.76892
91,19.415884,0.682323,0.218981,26.263965,27.986282,0.565731,0.330534,35.016129,7.281203,0.196204,3,6,8,4.652137,60.185688,294,261,0.02,0.13,1.0075,0.0033,1.29892,0.96167,0.77564
94,16.418052,1.040912,0.714215,35.128956,26.145324,0.41783,0.142143,53.688313,18.122475,0.2864,4,3,3,2.74108,89.294285,292,259,0.0267,0.1367,0.99382,-0.0141,1.23612,1.05528,0.80398
100,20.359613,1.314731,0.206479,12.995176,11.279746,0.28885,0.399219,52.492842,7.578713,0.173292,4,12,4,3.674409,61.654209,292,273,0.0267,0.09,1.03038,0.01698,1.3796,0.95609,0.74687
101,18.745543,1.94358,0.688304,29.727879,25.209529,0.322461,0.461919,22.057362,8.830697,0.13248,4,10,3,3.52062,90.860677,277,197,0.0767,0.3433,1.20227,0.17281,1.25479,1.12234,0.95814
99,33.537534,1.332988,0.177888,23.676627,15.043893,0.583251,0.29296,29.208604,16.888156,0.343392,4,12,7,4.176563,65.582696,188,99,0.3733,0.67,1.41963,0.34996,1.331,1.21208,1.06659
102,16.945221,1.724524,0.040368,35.605999,17.588376,0.396199,0.379291,29.936251,15.741631,0.250278,1,7,2,3.562368,90.951445,283,218,0.0567,0.2733,1.11365,0.08982,1.25277,1.07047,0.88895
103,30.711304,1.196101,0.179064,36.002867,16.907785,0.667971,0.42196,47.573996,9.331408,0.272436,1,3,6,4.071893,78.971135,199,136,0.3367,0.5467,1.10848,0.092,1.30668,1.16442,0.84832
107,35.249406,0.699482,0.644329,40.352624,38.195882,0.193757,0.215374,55.468395,11.559407,0.220663,1,11,7,5.003712,66.659986,171,84,0.43,0.72,1.06609,0.06549,1.18065,1.05845,0.90298
105,18.645668,2.111773,0.85785,47.466187,23.147432,0.250389,0.627372,31.030962,9.961008,0.374613,3,6,6,2.765889,85.890881,274,215,0.0867,0.2833,1.12274,0.11826,1.29055,1.04597,0.86997
109,23.317181,1.398015,0.852014,25.186104,28.24826,0.635101,0.214715,29.183631,24.001397,0.316894,4,6,4,3.876701,65.85017,285,227,0.05,0.2433,1.12459,0.097,1.30177,1.03947,0.86389
111,22.38977,0.93861,0.080716,14.438202,42.756382,0.519798,0.674805,34.804524,12.798969,0.223239,2,12,5,6.63041,98.964266,284,243,0.0533,0.19,1.11371,0.08317,1.31138,0.96705,0.84927
114,31.005065,1.111666,0.045207,14.782682,13.573626,0.17636,0.669118,18.62804,8.060556,0.252031,1,8,2,3.587231,89.556851,244,161,0.1867,0.4633,1.00277,-0.00573,1.03357,1.11115,0.9702
115,16.760315,1.013747,0.717557,18.616502,21.423171,0.602287,0.736857,46.067554,18.37916,0.165772,3,12,8,2.394612,66.6272,296,275,0.0133,0.0833,1.01698,0.00469,1.42015,1.00369,0.71611
118,21.664644,0.84198,0.778551,21.475887,11.025988,0.370406,0.587025,28.199833,12.003028,0.377797,1,4,6,5.874836,70.372811,285,234,0.05,0.22,1.12462,0.08691,1.29418,0.95162,0.86898
112,21.789846,1.464285,0.312844,32.792293,14.488049,0.652684,0.506865,17.472859,27.929548,0.217906,1,9,7,4.533847,65.391369,268,162,0.1067,0.46,0.97951,-0.01999,1.12041,1.17825,0.87425
120,16.542594,0.703055,0.892426,25.849892,18.609639,0.310775,0.693033,16.995398,8.704187,0.180514,1,12,3,5.00388,96.02008,277,204,0.0767,0.32,0.88891,-0.11537,1.00727,0.90759,0.88249
116,22.566451,1.002104,0.827246,29.012004,33.423904,0.680551,0.502907,20.838839,9.643102,0.201561,3,4,8,4.420647,99.002497,280,210,0.0667,0.3,1.05108,0.03679,1.16236,1.04251,0.90426
117,24.484845,1.795304,0.584415,45.439058,15.903104,0.281572,0.425444,28.871054,15.4362,0.412559,1,7,2,6.212203,77.94656,191,81,0.3633,0.73,1.39754,0.33404,1.4263,1.19965,0.97984
119,33.142939,0.738207,0.079633,39.529875,27.199007,0.281731,0.317731,47.730335,16.664062,0.156221,1,6,3,2.749835,60.847383,168,115,0.44,0.6167,1.04177,0.04655,1.13372,1.10707,0.9189
121,24.380467,1.103216,0.621911,26.434156,15.401633,0.328088,0.199063,52.608791,15.516694,0.226543,4,4,2,2.118859,94.104792,293,260,0.0233,0.1333,1.03103,0.01812,1.22335,1.0779,0.84279
124,19.84953,0.604523,0.320354,15.282658,17.939422,0.290866,0.226913,21.403139,26.484234,0.169552,3,8,4,3.161826,74.937035,285,240,0.05,0.2,1.0495,0.04933,1.23232,0.96006,0.85165
123,24.205689,0.682081,0.330008,23.721056,31.955493,0.234219,0.440241,48.766084,9.012131,0.136746,1,6,6,7.404916,74.9139,291,255,0.03,0.15,1.03438,0.01762,1.28963,1.09239,0.80208
127,20.99146,1.314361,0.939694,45.270867,21.658114,0.227331,0.542598,20.260567,7.567869,0.444492,1,6,7,4.438408,88.276341,267,184,0.11,0.3867,1.10024,0.08993,1.21999,1.14012,0.90184
126,18.455237,0.802898,0.282319,28.564748,29.702965,0.480168,0.408721,44.834173,17.915583,0.333345,3,6,6,5.012065,93.167219,295,265,0.0167,0.1167,0.9574,-0.04751,1.27812,1.09198,0.74906
125,27.03337,2.0951,0.601029,30.712702,14.366872,0.648074,0.65498,36.317996,21.374945,0.344928,3,3,2,3.541451,96.85345,265,193,0.1167,0.3567,1.24434,0.19671,1.35427,1.10718,0.91882
128,19.269293,1.086339,0.290667,47.851157,34.099782,0.69432,0.607058,62.618666,12.330929,0.142377,4,12,5,2.171952,63.169543,284,245,0.0533,0.1833,0.99345,0.01032,1.16631,1.03552,0.85179
130,29.333233,0.778296,0.000883,43.892697,20.759165,0.176203,0.42587,54.416259,27.234965,0.231025,4,8,6,2.657776,86.037432,241,196,0.1967,0.3467,0.9834,-0.00549,1.19886,1.02182,0.82028
131,25.334734,2.197195,0.803965,16.053385,33.817682,0.284004,0.144149,52.037236,11.728378,0.155444,3,6,5,2.501399,86.405272,291,249,0.03,0.17,1.0842,0.08164,1.20534,1.07032,0.8995
132,44.245996,1.47153,0.778244,14.029671,28.589876,0.239466,0.109617,26.394469,18.964217,0.432372,1,4,6,4.559565,89.701191,91,,0.6967,,1.69824,0.54076,,1.35094,
134,28.590197,2.041621,0.105775,29.275922,37.623559,0.184477,0.542604,31.729184,18.379372,0.176541,4,8,7,2.105465,94.208249,254,133,0.1533,0.5567,1.47231,0.3939,1.3956,1.11202,1.05497
136,27.148707,0.903596,0.887876,23.707225,18.238063,0.269636,0.661395,20.480439,8.321426,0.151862,1,5,4,6.041108,83.14329,285,203,0.05,0.3233,1.01986,0.01365,1.11505,0.9739,0.91463
139,33.942058,2.024783,0.280998,27.480299,30.824567,0.431851,0.780518,45.965057,10.088823,0.361664,1,11,6,6.32175,65.281135,81,,0.73,,1.28328,0.25031,,1.11232,
135,28.387343,1.775847,0.936635,26.066443,14.442009,0.31586,0.755416,17.754796,22.841115,0.162628,3,5,6,4.719417,75.254763,262,159,0.1267,0.47,1.07075,0.07806,1.16356,1.17226,0.92023
141,17.900265,0.67692,0.569039,19.19032,15.824207,0.58909,0.264456,29.429286,19.500409,0.211016,1,12,6,2.770821,65.503447,289,250,0.0367,0.1667,1.06799,0.04726,1.33725,0.94028,0.79865
144,30.92367,2.298596,0.336436,27.834074,30.341625,0.532619,0.629288,35.590209,17.277678,0.148975,3,9,6,2.538815,69.067678,198,70,0.34,0.7667,1.41886,0.354,1.45051,1.10312,0.97818
138,22.647056,1.854322,0.642301,24.316126,31.579466,0.434489,0.618167,57.122108,7.709824,0.179873,4,10,3,5.192954,64.617574,292,255,0.0267,0.15,1.03798,0.02918,1.23437,1.08474,0.8409
146,36.782824,0.728693,0.423881,22.627183,33.597709,0.174297,0.308645,20.138977,13.386959,0.498071,2,12,4,4.255215,60.444975,259,181,0.1367,0.3967,1.0288,0.01931,1.10475,1.0776,0.93125
145,27.290506,1.95026,0.545579,15.495824,32.825737,0.418492,0.286242,51.395693,14.447953,0.172225,3,5,3,2.252305,68.693149,288,242,0.04,0.1933,1.05226,0.04759,1.16695,1.04952,0.90171
142,36.188174,0.981513,0.541202,20.381742,24.881381,0.184304,0.246979,46.400389,23.747302,0.219498,4,5,3,2.902768,86.604981,283,236,0.0567,0.2133,1.10582,0.09574,1.27449,1.17056,0.86765
150,21.111049,1.047804,0.974998,28.66321,18.018967,0.616027,0.383459,16.6794,15.038021,0.184276,3,11,8,7.991233,97.925025,272,184,0.0933,0.3867,1.00265,0.02604,1.09955,1.02485,0.91187
151,26.087156,1.665811,0.357245,27.319639,37.646697,0.188804,0.518164,63.517438,25.736429,0.138446,3,9,2,4.710354,73.110045,293,254,0.0233,0.1533,0.99511,0.00027,1.26406,1.0259,0.78724
148,35.258263,0.609452,0.07261,39.149464,16.546821,0.221868,0.228975,26.370402,14.859058,0.354567,2,5,3,2.360401,80.934922,135,67,0.55,0.7767,1.19609,0.17572,1.13005,1.16019,1.05843
155,21.936633,0.712931,0.530418,13.564781,16.091627,0.203777,0.213162,48.860326,19.068392,0.131756,4,9,4,4.480522,87.751965,296,277,0.0133,0.0767,1.00501,-0.00115,1.35317,1.02865,0.74271
157,22.036929,2.162857,0.055714,20.961246,32.685692,0.223642,0.472451,21.912856,10.481498,0.34337,3,9,6,2.427091,80.147541,280,178,0.0667,0.4067,1.43975,0.36605,1.32014,1.18545,1.0906
156,39.290481,0.793135,0.234664,17.37174,41.799134,0.170067,0.317698,58.963597,20.986954,0.187537,4,12,4,6.268271,87.621544,285,239,0.05,0.2033,1.00894,-0.00144,1.23387,1.02137,0.8177
161,16.709104,2.14393,0.083793,42.543653,18.180258,0.246154,0.293915,47.637495,7.529445,0.150404,2,12,8,2.625356,86.36033,287,254,0.0433,0.1533,1.00406,0.00781,1.23659,0.9942,0.81196
162,22.324145,1.088979,0.546435,18.022418,22.477252,0.376504,0.567663,23.658664,23.581573,0.20202,4,9,7,2.044011,65.147657,283,223,0.0567,0.2567,1.16858,0.13154,1.34524,0.96977,0.86868
159,27.833395,2.11602,0.905423,36.482006,29.05943,0.672051,0.758644,27.551203,12.100403,0.184465,1,5,2,3.809207,63.040367,251,151,0.1633,0.4967,1.46155,0.39287,1.51443,1.15461,0.96508
160,25.064795,2.099218,0.241069,32.462493,12.908559,0.470814,0.309118,31.873704,14.646689,0.152339,4,4,4,7.322065,60.343319,251,149,0.1633,0.5033,1.40352,0.33809,1.37789,1.1155,1.0186
166,35.696183,1.326364,0.644116,17.862271,33.734735,0.4062,0.674058,39.729824,15.029777,0.142531,3,3,6,4.242141,64.637064,265,211,0.1167,0.2967,1.1985,0.15034,1.24321,1.14607,0.96403
163,24.190303,0.843967,0.974071,38.295707,15.193986,0.278861,0.554427,31.747293,23.225156,0.305044,2,5,4,3.690438,61.911413,283,235,0.0567,0.2167,1.03887,0.02215,1.23782,0.99589,0.83927
168,30.435912,1.016879,0.087919,37.910275,21.80035,0.51562,0.535054,47.246832,14.794341,0.130987,1,8,3,2.27943,64.544438,201,153,0.33,0.49,1.07671,0.06808,1.24753,1.14746,0.86308
167,28.099387,1.034724,0.572537,45.846775,19.57994,0.434717,0.364895,30.046935,10.114454,0.327611,3,7,6,5.544465,68.432042,125,60,0.5833,0.8,1.16886,0.13913,1.19084,1.11087,0.98155
171,27.204324,1.368147,0.611478,15.75297,12.860372,0.358532,0.325335,16.898158,17.568683,0.309848,3,7,4,2.758194,71.356978,277,184,0.0767,0.3867,0.94534,-0.06173,1.03644,1.12587,0.9121
172,27.908227,0.696185,0.258205,47.049329,16.858977,0.398042,0.14021,61.43496,12.086772,0.14521,3,7,7,4.320453,73.914347,251,185,0.1633,0.3833,0.9797,-0.02279,1.19483,1.00882,0.81995
176,50.337777,0.61538,0.753884,14.504889,27.36379,0.330472,0.430643,20.308987,8.77538,0.217755,3,12,8,5.309934,83.775297,174,103,0.42,0.6567,1.01906,0.01843,1.04787,1.06204,0.97251
174,28.323736,1.235217,0.75835,21.076397,43.308673,0.443044,0.496146,20.311632,11.671299,0.270721,3,7,7,3.414567,82.555877,280,201,0.0667,0.33,1.11542,0.11538,1.21565,1.07795,0.91755
177,18.652769,0.692272,0.624435,31.649884,38.808369,0.644051,0.172976,31.755221,13.672762,0.376818,1,3,4,3.311385,61.043881,287,244,0.0433,0.1867,0.99439,-0.00817,1.336,0.99529,0.74431
183,15.139482,1.397627,0.451671,39.237133,15.548594,0.574252,0.757975,28.239565,16.713762,0.446079,2,6,6,2.280303,71.303672,282,235,0.06,0.2167,1.01436,0.00944,1.24188,1.0106,0.8168
186,39.212004,1.838126,0.141205,13.639438,35.528947,0.378129,0.192493,30.948329,14.725824,0.290345,4,7,3,6.221731,96.504116,119,,0.6033,,1.80365,0.59112,,1.29813,
182,28.639237,0.738794,0.637202,46.685538,27.086594,0.264883,0.343165,25.074949,10.382818,0.43891,1,6,2,2.569813,70.092899,205,113,0.3167,0.6233,1.07956,0.06239,1.19691,1.08855,0.90195
190,33.473593,1.331578,0.931524,41.533196,35.717302,0.534712,0.495007,19.451618,8.153512,0.373474,2,5,4,2.100911,96.716983,77,,0.7433,,1.03403,0.04328,,1.06697,
184,15.112166,1.184886,0.914365,21.156909,41.126805,0.250178,0.226999,33.907079,24.686857,0.362174,1,6,7,2.428157,95.67565,287,253,0.0433,0.1567,1.06979,0.04779,1.39167,0.8376,0.76871
188,32.99929,1.28591,0.182077,22.225075,19.166404,0.332539,0.355034,19.458661,7.412897,0.184878,3,6,4,4.603071,70.199812,223,133,0.2567,0.5567,1.08301,0.08282,1.14751,1.16535,0.94379
193,32.367689,1.038521,0.743881,21.836243,18.722195,0.581904,0.618436,23.69081,21.072011,0.308934,2,8,4,2.157497,72.724816,275,210,0.0833,0.3,1.16725,0.14645,1.22093,1.13652,0.95603
192,25.755905,0.761266,0.375954,38.910756,14.962381,0.20137,0.353291,22.646755,9.273997,0.143014,4,12,4,3.187796,66.235126,277,211,0.0767,0.2967,1.02966,0.02395,1.17018,1.11643,0.87992
189,38.756818,0.718464,0.268153,27.875274,16.765921,0.39037,0.451709,20.876139,11.118267,0.440864,2,7,5,5.737242,63.905063,174,91,0.42,0.6967,1.04111,0.03815,1.08251,1.06316,0.96176
194,23.371512,1.043461,0.362968,30.706516,12.819807,0.611929,0.596934,17.153188,17.58762,0.318398,4,5,8,5.443341,67.550241,275,186,0.0833,0.38,0.94959,-0.05569,1.06592,1.08741,0.89087
196,15.408274,1.83289,0.691072,38.085697,34.146772,0.272025,0.26353,42.750602,7.564478,0.150021,1,4,7,2.079204,70.76273,291,242,0.03,0.1933,0.96726,-0.0318,1.25779,1.2832,0.76902
198,27.709066,1.664184,0.066576,16.10589,18.673354,0.170088,0.190379,25.936232,10.958826,0.462172,2,4,5,5.624616,63.384412,254,173,0.1533,0.4233,1.39565,0.32523,1.3656,1.11741,1.02201
200,40.45993,1.37661,0.693871,15.547339,41.656397,0.248917,0.604012,51.882829,27.155897,0.419701,2,10,4,7.96391,81.542989,233,165,0.2233,0.45,1.15235,0.12742,1.25658,1.08119,0.91706
201,29.483675,1.165311,0.064576,19.190147,41.40994,0.542456,0.294249,21.856393,16.711348,0.451356,1,9,3,7.616609,88.005999,267,178,0.11,0.4067,1.18883,0.17098,1.22476,1.17407,0.97066
199,27.467866,1.901458,0.214233,23.56972,13.281844,0.635617,0.654841,51.522451,11.667563,0.152382,1,6,2,7.372213,90.195736,273,208,0.09,0.3067,1.29674,0.2264,1.33011,1.05401,0.97492
197,32.331784,0.728785,0.876689,24.111446,12.066303,0.197412,0.746198,19.285022,9.138484,0.420095,2,3,8,4.908712,92.928157,274,204,0.0867,0.32,0.97258,-0.03151,1.03683,0.93026,0.93804
205,28.740594,0.887021,0.38282,46.434375,13.143546,0.209953,0.685114,28.590453,8.39546,0.17884,4,5,6,4.847692,66.384078,92,,0.6933,,1.14777,0.12131,,1.16503,
207,38.547628,1.288104,0.645695,14.478002,19.934012,0.313296,0.383283,20.100833,15.015159,0.165811,1,8,5,2.584483,99.143152,179,112,0.4033,0.6267,1.01016,0.02209,1.0758,1.07599,0.93898
204,17.741328,0.981056,0.373859,15.752102,13.640385,0.241261,0.24101,24.030913,18.006099,0.145178,4,4,3,3.280853,61.563864,286,238,0.0467,0.2067,1.10753,0.07951,1.32785,0.8017,0.83408
203,15.165055,1.703548,0.9262,22.053374,12.871351,0.40855,0.694686,60.6941,15.616036,0.199129,4,4,5,3.926517,84.292088,293,268,0.0233,0.1067,1.03629,0.02319,1.29238,1.08197,0.80184
202,15.585262,0.859337,0.063795,21.397842,21.728947,0.189689,0.578393,63.853875,23.895113,0.263328,1,7,6,5.890301,90.100993,297,277,0.01,0.0767,1.00151,-0.00447,1.47888,1.12321,0.67721
208,23.747514,1.188287,0.004409,12.892329,21.502997,0.579218,0.104487,56.556329,17.26802,0.388174,4,8,3,3.105019,66.81396,294,270,0.02,0.1,1.01988,0.00849,1.34425,1.11183,0.7587
206,17.041932,1.222062,0.291261,21.420973,11.838326,0.492718,0.609372,24.250503,10.23854,0.225916,2,4,8,4.312872,63.346637,279,228,0.07,0.24,1.11395,0.08563,1.2501,0.84269,0.89109
209,41.216312,1.04524,0.376391,19.676326,19.515049,0.537188,0.147782,29.266411,22.220291,0.472291,4,7,6,3.047592,78.826159,120,,0.6,,1.38574,0.31243,,1.20029,
211,33.310136,2.313857,0.26697,23.521652,37.543102,0.299372,0.652781,63.156642,8.680512,0.210903,2,5,6,4.912046,65.954395,184,103,0.3867,0.6567,1.2639,0.23561,1.30419,1.14108,0.96911
210,19.976796,2.26587,0.535645,26.717627,39.343048,0.589177,0.477217,52.611063,21.635986,0.220873,3,5,5,4.75752,80.259225,295,258,0.0167,0.14,0.98276,-0.0112,1.17125,1.00989,0.83907
212,35.261692,1.906298,0.686657,27.839008,39.653251,0.184366,0.396783,37.247631,11.725898,0.342909,3,8,6,6.838902,97.070835,103,,0.6567,,1.29391,0.24802,,1.15247,
215,34.550856,0.670494,0.776014,18.003291,30.462208,0.631253,0.664128,16.788908,15.330887,0.141328,2,4,6,7.665518,67.362505,270,192,0.1,0.36,0.90562,-0.09658,1.03976,0.99012,0.871
214,26.931662,1.556998,0.7125,15.191224,25.44913,0.239629,0.628689,29.51289,20.71089,0.170844,2,7,3,5.86659,77.480274,281,217,0.0633,0.2767,1.26483,0.21061,1.39765,1.04143,0.90496
218,38.225476,1.891289,0.4785,17.457368,37.391494,0.273338,0.520746,19.171286,9.802777,0.161535,1,8,5,3.447391,67.942473,163,83,0.4567,0.7233,1.27817,0.26722,1.27594,1.19637,1.00175
217,26.118529,1.385467,0.074997,14.665109,21.87287,0.285695,0.724424,35.259093,13.747157,0.226695,4,4,4,4.953671,91.186807,284,231,0.0533,0.23,1.17142,0.13761,1.32797,1.02889,0.88211
213,16.137619,0.922612,0.32431,14.289954,20.947175,0.362737,0.638365,56.281692,8.775831,0.281933,3,7,7,3.376861,96.618146,297,282,0.01,0.06,1.01236,0.00108,1.46486,1.11753,0.6911
219,24.837764,1.860866,0.502115,29.478992,33.412339,0.594284,0.18743,16.45719,21.28863,0.186792,3,4,3,4.814715,64.387482,268,163,0.1067,0.4567,0.98549,-0.0102,1.05874,1.21884,0.93081
221,20.958009,0.783821,0.654429,22.527028,26.406979,0.195395,0.388119,59.343292,9.86772,0.348627,2,10,7,2.443938,61.00792,295,272,0.0167,0.0933,1.02387,0.01513,1.35641,1.09494,0.75484
216,25.118738,1.097882,0.138927,29.50839,29.8315,0.554854,0.401287,25.366756,11.301376,0.321957,1,8,3,3.306662,71.536826,277,208,0.0767,0.3067,1.17406,0.13702,1.24963,1.09148,0.93953
222,16.730514,0.900403,0.335001,46.483447,29.301614,0.539492,0.650327,18.032308,14.541953,0.283839,2,6,3,2.205292,88.133816,270,204,0.1,0.32,0.93551,-0.06012,1.06214,1.06183,0.88078
223,24.480757,2.138146,0.924064,32.273929,33.516138,0.652563,0.326059,62.94526,26.03635,0.167719,1,10,6,2.574321,80.771033,294,248,0.02,0.1733,1.00539,0.00794,1.22178,1.05154,0.82289
220,19.453766,0.635797,0.819861,38.988208,34.554285,0.386792,0.104008,42.827935,8.950922,0.139084,4,5,5,2.970062,74.524894,290,257,0.0333,0.1433,0.95232,-0.03864,1.21811,1.02303,0.7818
224,40.373222,0.744367,0.555935,22.304244,17.173105,0.266551,0.222667,17.459875,7.764061,0.138785,1,11,6,2.361746,88.614333,211,126,0.2967,0.58,0.94263,-0.06374,0.96874,1.03085,0.97304
225,26.316365,0.72914,0.240713,23.901094,20.665511,0.181784,0.49612,19.927541,9.560847,0.165045,2,12,4,6.157476,80.126753,275,206,0.0833,0.3133,0.98364,-0.01999,1.09582,0.94159,0.89763
228,43.940016,0.942921,0.694496,28.680367,11.454593,0.186056,0.593369,16.320691,8.613239,0.419088,4,12,7,3.315498,69.38607,128,62,0.5733,0.7933,0.95637,-0.02597,1.09155,1.20266,0.87616
227,17.847353,1.142943,0.061627,17.726842,16.217602,0.316829,0.173544,41.009012,13.80019,0.436628,4,4,7,4.594891,92.244471,291,267,0.03,0.11,1.03783,0.02283,1.31438,0.9006,0.78959
230,19.694036,0.741046,0.861168,19.579332,12.988019,0.425293,0.548605,42.811045,16.29417,0.427576,3,7,3,7.136876,94.623136,294,269,0.02,0.1033,1.00114,-0.00859,1.29553,1.0,0.77276
226,25.21877,1.556077,0.560619,15.355404,11.744099,0.251333,0.622582,42.734443,11.453071,0.349846,4,10,8,2.069871,84.495939,287,247,0.0433,0.1767,1.11468,0.0893,1.272,1.12132,0.87632
231,15.509787,1.85205,0.50062,21.405052,12.588292,0.621995,0.196204,44.931879,10.756592,0.143058,3,5,2,2.997497,76.578772,296,269,0.0133,0.1033,1.03918,0.0315,1.37411,0.9471,0.75625
232,41.991396,2.290172,0.901666,18.93364,18.922959,0.199807,0.207472,19.371159,13.503462,0.30502,1,7,4,5.008256,60.015056,96,,0.68,,1.08844,0.09176,,1.21549,
229,16.885809,1.195627,0.389181,23.230174,18.738232,0.483422,0.571988,51.31704,19.175374,0.149383,4,3,6,2.461493,89.64175,293,266,0.0233,0.1133,0.99929,-0.00582,1.24786,1.14941,0.8008
234,31.033483,0.748302,0.838903,28.105893,13.473827,0.537526,0.443687,54.718496,10.571355,0.396431,2,12,6,2.81022,66.777056,294,262,0.02,0.1267,1.02031,0.01996,1.23718,1.11052,0.82471
236,20.983969,2.245284,0.221958,46.328986,29.431135,0.193926,0.578207,36.61494,17.886315,0.356594,2,5,6,2.855822,97.940694,241,167,0.1967,0.4433,1.24982,0.22797,1.24227,1.0913,1.00608
239,28.523491,2.191313,0.265637,36.330444,25.623633,0.190557,0.219052,42.755396,9.308259,0.349865,2,5,8,2.23166,73.172494,128,,0.5733,,1.41025,0.33699,,1.11572,
238,18.837644,2.043749,0.150979,30.362558,20.48361,0.677161,0.208612,24.605276,15.772267,0.300705,4,3,3,4.165937,79.089801,276,203,0.08,0.3233,1.30013,0.24475,1.3059,1.09536,0.99558
237,29.570462,1.406804,0.382984,23.361234,31.985575,0.351304,0.256981,62.25117,10.651132,0.41408,3,8,2,2.927508,83.800674,292,253,0.0267,0.1567,1.02371,0.0342,1.24111,1.06153,0.82483
240,16.277423,1.207639,0.129408,13.156998,24.786377,0.37045,0.417827,36.357652,11.532809,0.389335,4,10,4,7.451449,86.623291,292,268,0.0267,0.1067,1.01174,0.0072,1.31869,0.88353,0.76723
244,42.657587,1.941007,0.948807,15.005007,23.785616,0.455138,0.414213,33.225172,10.608039,0.133417,3,4,4,5.564412,77.558501,67,,0.7767,,1.59196,0.4673,,1.16021,
241,28.43112,0.966452,0.192128,13.093292,11.469478,0.466257,0.596445,55.100386,13.762257,0.372975,1,10,3,4.742954,77.200357,290,250,0.0333,0.1667,1.08018,0.05943,1.28389,1.07919,0.84133
243,28.31887,0.978108,0.731803,30.769108,31.4441,0.215851,0.230787,30.161705,8.027435,0.167163,3,4,2,6.845538,85.183854,284,224,0.0533,0.2533,1.08288,0.05845,1.22907,1.0315,0.88106
247,22.613079,2.07262,0.89968,43.524489,12.234781,0.419873,0.747245,61.572262,7.458128,0.451289,1,7,3,2.959509,73.678296,268,229,0.1067,0.2367,1.09681,0.0848,1.26559,1.10726,0.86665
249,32.679575,0.700966,0.440696,15.451536,27.320584,0.258093,0.184758,17.453922,13.684978,0.170282,3,7,7,3.195173,60.054079,278,199,0.0733,0.3367,0.93417,-0.06752,1.02555,1.02674,0.91089
246,21.367657,1.090603,0.949428,19.758914,21.38099,0.217834,0.734822,27.292641,7.157707,0.167697,2,7,6,2.352872,95.710794,282,237,0.06,0.21,1.1428,0.10135,1.34496,0.92081,0.84969
251,27.903665,1.139252,0.674948,19.46662,24.948001,0.554692,0.277514,18.981297,16.983891,0.173842,4,9,7,2.892225,64.951737,278,198,0.0733,0.34,1.03253,0.02931,1.12155,1.07468,0.92063
245,28.94542,0.633306,0.651586,26.393076,18.685785,0.208331,0.154129,58.045962,27.621622,0.292232,3,9,7,5.749802,84.141897,294,262,0.02,0.1267,1.02624,0.02039,1.27351,1.07575,0.80583
252,23.935813,0.907062,0.037471,49.333844,19.342088,0.438847,0.328553,41.04653,25.384749,0.416714,3,3,5,4.944002,98.926622,259,218,0.1367,0.2733,1.02092,0.02202,1.23422,1.09948,0.82718
253,49.016308,0.642395,0.924897,12.567301,41.961355,0.428463,0.172744,19.302408,10.451721,0.38384,4,7,6,2.193672,89.079364,217,139,0.2767,0.5367,0.92385,-0.07667,1.03762,1.04051,0.89035
255,18.946557,1.664506,0.667519,27.619981,15.845939,0.174284,0.189597,19.022338,23.863704,0.457787,1,6,5,7.013865,82.883935,266,176,0.1133,0.4133,1.00416,0.00364,1.11185,1.06939,0.90314
248,16.105342,1.179717,0.454937,15.885698,17.153294,0.629569,0.540027,52.050891,20.329594,0.181479,4,6,8,5.172341,74.579567,292,274,0.0267,0.0867,1.00388,-0.00163,1.39488,0.99203,0.71969
254,21.772338,0.834345,0.580126,21.284807,21.184794,0.36413,0.537633,32.917093,19.917295,0.193678,3,11,4,2.72507,77.041886,289,248,0.0367,0.1733,1.09677,0.07469,1.36267,0.94295,0.80487
257,29.738593,0.715843,0.520661,13.561486,17.506811,0.501329,0.450926,19.493764,8.735283,0.384769,1,12,2,2.529534,97.371761,282,218,0.06,0.2733,1.10912,0.09156,1.18184,0.9943,0.93847
259,17.786581,0.978676,0.177095,17.17857,22.11861,0.268233,0.548423,30.897348,8.44543,0.392281,2,4,4,2.39539,71.071865,287,251,0.0433,0.1633,1.06316,0.03293,1.33285,0.82983,0.79766
260,27.706252,0.649376,0.122255,24.267092,11.575809,0.438227,0.434288,24.840844,8.002054,0.351778,3,11,7,3.534342,65.689382,284,224,0.0533,0.2533,1.05576,0.04078,1.16102,0.97764,0.90934
264,27.732993,0.642293,0.910996,17.388405,29.974093,0.657299,0.455176,30.698415,15.288326,0.247085,1,8,4,6.177244,80.415493,282,227,0.06,0.2433,1.13742,0.10947,1.32114,1.0492,0.86094
262,16.908459,0.771585,0.733665,49.731844,15.288781,0.437776,0.26207,57.917338,14.52587,0.174921,4,7,3,2.235314,95.000089,288,252,0.04,0.16,0.96808,-0.01623,1.23116,1.07872,0.78631
266,22.42891,0.608381,0.790885,46.230239,35.208922,0.244258,0.411542,38.154406,8.390066,0.142961,3,6,2,2.594761,92.299237,288,253,0.04,0.1567,0.98126,-0.01164,1.2023,1.06012,0.81615
261,30.325537,1.49508,0.036407,14.553614,11.372698,0.243263,0.453151,28.941085,27.771699,0.348064,3,7,2,7.186053,77.31119,184,125,0.3867,0.5833,1.35222,0.28249,1.40933,1.1508,0.95947
267,31.369201,1.769955,0.544963,15.851854,22.21824,0.687358,0.124548,16.365331,24.06424,0.380627,3,5,6,2.185585,65.152843,244,139,0.1867,0.5367,1.03873,0.03803,1.05365,1.24452,0.98585
263,34.132531,0.843667,0.160045,19.405856,20.787629,0.669995,0.429841,22.960905,16.23687,0.383181,1,9,6,5.79279,93.174293,254,174,0.1533,0.42,1.21401,0.19244,1.27109,1.14294,0.9551
265,19.820713,1.177689,0.593174,13.970494,24.184028,0.220844,0.384377,47.679536,7.137213,0.234755,4,4,6,5.857348,77.964289,292,273,0.0267,0.09,1.02431,0.00601,1.34158,0.91445,0.76351
271,28.088779,0.604656,0.552187,37.510751,26.344218,0.287698,0.758438,22.636936,13.023243,0.223426,2,6,8,6.184476,70.839862,275,211,0.0833,0.2967,1.05718,0.04517,1.22306,1.07082,0.86437
268,26.769893,1.639747,0.573787,17.934856,18.819093,0.210185,0.265303,30.289912,25.096318,0.210609,4,11,2,7.118986,92.810839,280,203,0.0667,0.3233,1.25639,0.20118,1.33744,1.11066,0.9394
270,31.633671,0.89865,0.438498,20.095943,25.983792,0.222548,0.130948,46.184388,11.146014,0.42632,3,10,6,5.682007,78.543018,289,251,0.0367,0.1633,1.06682,0.04503,1.25982,1.06133,0.84681
274,19.055428,1.790233,0.25476,15.149693,29.09807,0.54798,0.665267,23.35251,18.197632,0.484702,2,4,2,7.648498,62.252534,277,213,0.0767,0.29,1.23001,0.20009,1.33535,0.94126,0.92112
275,18.993671,2.294101,0.059334,41.277162,19.720703,0.492503,0.481538,38.857219,26.78353,0.126856,2,9,3,2.075717,68.62872,282,227,0.06,0.2433,1.10614,0.09404,1.26336,1.05263,0.87555
276,28.968665,0.724065,0.237888,37.720379,11.020114,0.673977,0.742503,24.121148,8.250686,0.366047,2,8,3,4.210059,95.043027,272,204,0.0933,0.32,1.05637,0.03998,1.15558,1.12998,0.91414
277,46.740012,1.043774,0.611963,15.30474,20.991195,0.634669,0.401381,48.480945,13.105367,0.213377,1,12,8,3.57547,97.911499,91,60,0.6967,0.8,1.2641,0.21123,1.3232,1.17398,0.95533
278,17.062194,1.060941,0.650272,23.047129,33.069835,0.50499,0.624534,17.167533,9.648381,0.415972,2,9,2,2.504077,81.245834,275,206,0.0833,0.3133,0.89852,-0.10074,1.05686,0.90105,0.85018
279,30.393069,0.617266,0.686741,41.493262,16.435568,0.59792,0.670638,27.981887,26.398037,0.217978,1,6,2,4.404203,73.334657,281,209,0.0633,0.3033,1.10508,0.08224,1.22495,1.13147,0.90214
284,18.539818,1.35567,0.59696,26.586087,23.192529,0.550378,0.187799,17.694482,26.583601,0.197965,4,11,2,3.265162,67.561564,275,192,0.0833,0.36,0.94654,-0.05443,1.06053,1.12366,0.89252
281,29.107909,0.689465,0.106515,13.569456,15.293648,0.402777,0.382225,49.910513,23.319129,0.266831,3,12,8,7.446659,98.075861,293,263,0.0233,0.1233,1.04312,0.02717,1.31515,1.0505,0.79316
282,33.383183,1.816783,0.192256,29.776332,21.176503,0.26877,0.730742,37.083897,19.546956,0.214936,2,5,5,3.860648,65.282816,108,,0.64,,1.42381,0.34658,,1.20942,
288,43.933155,0.818941,0.422541,14.334204,16.205077,0.662732,0.527957,32.296343,7.98573,0.260442,2,9,6,2.764332,95.339499,131,87,0.5633,0.71,1.33206,0.28177,1.42071,1.22793,0.9376
290,45.318145,1.053816,0.437992,18.800517,23.990643,0.69766,0.660019,16.52193,15.496563,0.283613,2,5,3,5.930076,94.773927,120,61,0.6,0.7967,0.97756,0.00385,1.07829,1.22787,0.90658
291,25.700327,0.911476,0.771652,35.298806,43.513988,0.219197,0.419082,42.907289,20.652147,0.400172,3,12,5,4.654818,91.363349,292,250,0.0267,0.1667,0.99761,-0.00097,1.23901,1.01677,0.80517
293,30.683417,1.619091,0.746083,28.825685,13.46288,0.246927,0.220991,22.514164,26.294714,0.156988,1,10,7,2.548535,66.281234,245,150,0.1833,0.5,1.23785,0.20983,1.25595,1.18051,0.98559
292,16.516572,0.829032,0.971351,34.036676,17.137676,0.417377,0.499967,35.912302,19.557753,0.442907,3,7,6,5.12518,79.442406,293,263,0.0233,0.1233,0.96859,-0.02063,1.26113,0.94299,0.76803
295,40.156666,1.488053,0.130793,13.384998,11.236278,0.500594,0.687967,47.722458,20.950017,0.272741,4,4,6,4.16772,75.21658,136,70,0.5467,0.7667,1.42797,0.34664,1.32,1.27906,1.08179
289,24.897454,1.361968,0.398349,12.692417,11.577132,0.285089,0.381813,50.786159,10.71198,0.299163,4,11,4,2.398456,65.270264,290,262,0.0333,0.1267,1.0452,0.03128,1.30501,1.02808,0.80091
297,28.978687,1.790287,0.041728,36.137876,11.446213,0.237759,0.284075,18.363775,9.053423,0.344594,4,8,8,6.966214,92.499427,139,63,0.5367,0.79,1.16111,0.16229,1.0888,1.30397,1.06641
298,49.523954,1.081021,0.736301,12.677625,36.122312,0.693051,0.745016,44.988532,8.73064,0.127596,3,10,7,4.5257,96.31829,84,,0.72,,1.12883,0.11719,,1.1963,
299,18.2456,1.55492,0.811151,28.268788,34.877325,0.553843,0.375568,18.552634,15.861474,0.260009,2,3,2,4.562935,91.615227,273,198,0.09,0.34,0.98099,-0.01294,1.0905,1.01672,0.89958
305,37.287377,0.797106,0.454577,27.673016,20.349906,0.561005,0.672579,31.13238,7.469091,0.140451,3,3,5,3.191658,86.26838,242,154,0.1933,0.4867,1.14553,0.14092,1.22899,1.24277,0.93209
300,21.714569,1.527379,0.324538,13.861534,15.83996,0.270445,0.124846,61.132192,11.858476,0.200094,1,5,2,4.166343,70.027438,296,271,0.0133,0.0967,1.02693,0.02317,1.42743,1.06644,0.71943
304,20.431049,0.845238,0.031598,24.923935,29.571662,0.242198,0.729244,42.849121,14.725962,0.161727,4,12,7,4.496618,89.800011,291,261,0.03,0.13,1.0144,0.00525,1.33341,1.06355,0.76076
307,45.513844,0.741677,0.259038,24.513373,36.098376,0.204701,0.588619,43.917852,13.830674,0.463629,3,4,7,6.781063,75.247281,93,,0.69,,1.09373,0.07819,,1.10728,
303,35.698509,2.259163,0.082376,18.90296,31.532733,0.381955,0.240923,23.473645,13.483139,0.341671,3,8,6,2.395331,60.520818,150,,0.5,,2.11539,0.79575,,1.19116,
308,26.044212,2.383901,0.799314,37.870753,11.772421,0.349565,0.356398,59.559338,7.111893,0.131373,1,8,4,3.771606,63.483453,157,89,0.4767,0.7033,1.31434,0.26184,1.28702,1.22439,1.02123
310,20.398593,1.124159,0.450072,22.070319,11.341379,0.452147,0.741498,38.093659,7.20107,0.481291,4,4,5,6.72077,69.262392,291,256,0.03,0.1467,0.97613,-0.01937,1.2699,0.87714,0.76867
311,32.154592,0.650563,0.144845,25.133365,28.274278,0.248481,0.262746,40.350024,27.763142,0.156778,1,11,3,3.652168,84.001281,289,226,0.0367,0.2467,1.09475,0.07316,1.26339,1.09702,0.86652
312,15.704247,2.085645,0.022824,17.733436,27.320277,0.239246,0.495883,32.101914,24.180558,0.276853,3,9,7,4.724568,61.104477,287,240,0.0433,0.2,1.14566,0.10745,1.37446,0.81813,0.83353
313,31.922932,0.996121,0.480335,17.076829,15.07318,0.178185,0.335382,35.367667,25.831937,0.161433,3,8,5,6.354801,86.469299,284,233,0.0533,0.2233,1.08157,0.05645,1.27576,0.98473,0.84778
309,28.390923,1.18055,0.416707,21.075819,37.75385,0.403228,0.574513,46.096897,8.052572,0.232557,4,9,3,2.688342,72.671925,286,246,0.0467,0.18,1.05787,0.04798,1.2302,1.10681,0.85992
315,27.761324,0.69907,0.666656,27.590553,13.505885,0.2716,0.606071,39.213905,10.551994,0.167517,2,11,8,4.493929,94.549304,287,241,0.0433,0.1967,1.03158,0.01599,1.25645,1.06032,0.82103
317,27.24129,0.851311,0.238723,34.660991,22.216709,0.292482,0.556486,21.409407,23.33957,0.161534,1,6,2,2.951217,70.578885,278,208,0.0733,0.3067,1.02977,0.01539,1.18975,1.1187,0.86554
321,37.100834,0.853767,0.422655,12.710302,18.359104,0.382108,0.605962,21.573656,9.814358,0.398587,1,8,7,4.068127,70.836399,234,155,0.22,0.4833,1.24011,0.21078,1.1675,1.11818,1.06219
322,19.65504,1.610186,0.966064,21.708466,12.889879,0.346563,0.169193,27.120402,13.118389,0.444435,3,9,2,2.763827,83.76831,286,231,0.0467,0.23,1.13824,0.10216,1.27351,0.92702,0.89378
320,42.377304,1.47482,0.447694,18.679529,20.229308,0.545084,0.532163,19.24076,26.708849,0.230915,1,3,7,7.119949,72.432314,109,,0.6367,,1.04639,0.05614,,1.23962,
319,40.252891,0.754355,0.135286,21.684197,13.263735,0.419497,0.619153,36.247621,16.195723,0.366451,4,3,4,2.571549,98.113302,211,132,0.2967,0.56,1.19412,0.16372,1.30996,1.23444,0.91157
327,17.00069,0.894072,0.333506,25.836074,14.27194,0.235701,0.544687,45.779841,16.831316,0.267564,2,12,2,4.866269,61.121714,293,263,0.0233,0.1233,1.03892,0.02292,1.32611,0.95658,0.78344
325,18.670736,1.063216,0.553585,29.03717,21.947126,0.21976,0.776905,28.72978,26.650036,0.185297,3,7,8,3.114391,73.261603,289,242,0.0367,0.1933,1.02836,0.02251,1.30147,0.91564,0.79016
331,51.494837,0.83786,0.19195,15.407446,14.390428,0.184373,0.498681,16.908727,7.276302,0.214412,3,11,8,5.244663,80.223125,70,,0.7667,,0.88627,-0.08989,,1.06989,
328,17.934725,1.199574,0.090821,18.325324,16.258049,0.523546,0.565326,17.335529,8.986615,0.358495,3,3,5,3.215741,98.834856,279,206,0.07,0.3133,1.00288,0.01611,1.08857,0.95799,0.92128
333,31.81724,2.234959,0.79085,28.485666,12.105661,0.389834,0.435035,22.110437,9.210664,0.148078,2,10,2,3.405401,80.008577,109,,0.6367,,1.3788,0.33427,,1.22527,
334,31.8566,0.889229,0.54344,17.139559,35.961487,0.558396,0.219161,25.817793,9.882341,0.216222,2,12,4,4.392185,63.173796,281,220,0.0633,0.2667,1.17419,0.14126,1.2447,1.05577,0.94336
336,26.439113,0.911589,0.921882,19.750523,16.94844,0.198278,0.585964,32.454136,9.390905,0.277729,4,5,4,5.057797,87.743781,284,233,0.0533,0.2233,1.10791,0.08216,1.31116,0.91224,0.84499
335,29.716226,0.634402,0.21971,14.361568,28.716264,0.353567,0.424321,30.177186,20.826717,0.306483,1,7,3,3.64325,68.958097,287,238,0.0433,0.2067,1.1379,0.10317,1.29163,0.95667,0.88099
341,19.677146,0.661502,0.228618,45.162599,11.57787,0.52457,0.320364,19.163463,12.573835,0.15656,3,9,5,4.480754,81.722001,273,206,0.09,0.3133,0.94018,-0.06299,1.0879,1.10859,0.86422
338,18.710925,1.42164,0.432065,34.89641,18.618477,0.681457,0.464293,34.763692,9.069703,0.416697,1,9,2,6.231391,60.402187,283,218,0.0567,0.2733,1.10392,0.08649,1.26473,0.95043,0.87285
340,25.495903,1.099186,0.23084,13.385554,22.022375,0.259017,0.195462,46.119159,17.341774,0.151213,1,3,8,2.483442,85.468951,294,258,0.02,0.14,1.04053,0.02469,1.28429,0.96174,0.8102
339,38.358905,0.90069,0.014238,17.373998,12.407402,0.228841,0.237638,60.533403,10.954429,0.244293,3,6,7,6.779539,83.905028,259,184,0.1367,0.3867,1.08617,0.05643,1.26265,1.1097,0.86023
346,42.039117,0.965416,0.919858,23.995142,19.844213,0.181948,0.248819,46.474435,13.394155,0.430187,4,12,5,2.451111,78.947525,180,92,0.4,0.6933,1.1166,0.08493,1.27211,1.09042,0.87775
345,27.898475,2.146133,0.776423,24.709972,35.397862,0.252379,0.799763,31.653928,27.816038,0.27899,1,3,3,4.659277,92.82354,279,197,0.07,0.3433,1.40057,0.3214,1.43573,1.12993,0.97551
343,28.176202,1.624152,0.54508,31.184224,36.192886,0.298041,0.511994,38.656931,19.219166,0.149804,1,5,3,3.095113,66.675485,278,211,0.0733,0.2967,1.15091,0.15733,1.22153,1.147,0.94219
348,16.955465,1.419094,0.262626,22.436019,21.228944,0.218978,0.298905,39.857411,24.655556,0.28359,2,6,2,3.907716,99.64193,289,259,0.0367,0.1367,1.01264,0.00208,1.34051,0.93553,0.75542
350,34.979156,0.690309,0.248918,14.597402,11.868205,0.318702,0.500171,50.681536,18.285816,0.191511,3,11,3,2.843485,72.573253,292,255,0.0267,0.15,1.05273,0.0411,1.26176,1.09954,0.83433
352,19.214135,1.631966,0.042697,47.819584,35.064176,0.390746,0.390831,48.230654,14.758082,0.381971,2,4,3,2.374878,76.38263,273,241,0.09,0.1967,1.04403,0.05787,1.12275,1.161,0.92989
353,18.139868,0.844613,0.865658,34.506832,24.107455,0.311053,0.65018,22.096706,21.710102,0.213017,1,3,5,4.415777,69.953248,281,208,0.0633,0.3067,1.05107,0.04719,1.18926,1.02575,0.8838
351,44.174298,0.608504,0.258277,23.241485,20.681349,0.266295,0.392467,39.104254,13.362203,0.44336,4,6,2,7.830513,92.243212,151,84,0.4967,0.72,1.17342,0.14861,1.23073,1.13702,0.95344
354,19.096394,0.722077,0.887258,29.695236,14.891912,0.266139,0.238225,36.503564,15.322602,0.136583,4,6,2,2.783966,78.849323,292,265,0.0267,0.1167,0.96378,-0.03576,1.30396,0.92579,0.73912
358,30.693558,0.946945,0.899955,15.988597,38.038671,0.285286,0.447261,52.75838,7.903973,0.149031,4,5,4,5.449592,64.735197,291,259,0.03,0.1367,1.04375,0.03188,1.27324,1.09358,0.81976
359,15.147595,1.432195,0.357462,28.342762,28.192717,0.268917,0.682934,23.843722,16.968186,0.156,4,4,2,2.302766,96.131765,283,227,0.0567,0.2433,1.07207,0.04811,1.26338,0.97456,0.84857
356,38.963422,2.25277,0.851684,13.147991,12.194713,0.266987,0.464872,57.702639,9.287165,0.202462,1,6,7,2.616455,81.110644,158,95,0.4733,0.6833,1.40688,0.33669,1.35835,1.37011,1.03572
360,17.927763,0.9344,0.768664,13.518144,30.897749,0.191857,0.1281,35.267478,8.634198,0.194673,3,8,5,7.265118,97.916076,294,267,0.02,0.11,1.01748,0.00825,1.28624,0.97416,0.79105
362,20.280738,0.833928,0.487863,20.081264,13.264787,0.311,0.660565,29.889273,10.512291,0.311623,3,8,8,2.026553,99.071414,289,246,0.0367,0.18,1.11959,0.08722,1.34654,0.91047,0.83146
357,39.322649,0.653937,0.614073,22.705288,15.596311,0.54078,0.210756,20.363238,11.877288,0.189654,2,11,3,2.033198,61.035237,211,139,0.2967,0.5367,1.04862,0.0572,1.17498,1.07099,0.89246
363,34.856716,1.595484,0.905524,25.237832,27.986064,0.326269,0.339633,41.401654,24.319672,0.386217,4,9,4,4.146519,71.130432,243,159,0.19,0.47,1.21858,0.18168,1.28429,1.1592,0.94883
367,58.963376,0.905254,0.917827,15.263055,42.65109,0.290107,0.51874,17.96956,9.715016,0.295211,1,9,3,5.732773,94.707511,81,,0.73,,0.89281,-0.07393,,0.96291,
365,19.170181,1.607832,0.951204,38.824977,14.327762,0.20142,0.479809,58.589125,17.179927,0.167213,4,8,3,5.722031,70.660798,290,255,0.0333,0.15,0.98479,-0.00743,1.22621,1.02124,0.80312
361,23.662656,1.170215,0.659289,30.221143,12.128035,0.294084,0.41568,60.600701,16.254063,0.413159,1,8,5,5.804707,78.658366,292,254,0.0267,0.1533,1.0167,0.01205,1.21985,1.06919,0.83347
368,19.4312,1.187658,0.715194,16.576343,23.380771,0.181032,0.7515,33.681819,10.621651,0.361066,1,8,5,4.131492,76.521768,282,237,0.06,0.21,1.10713,0.08075,1.32049,0.9058,0.83843
373,18.875504,2.071091,0.970763,26.955329,14.190484,0.361336,0.616952,25.577432,7.926514,0.373814,3,4,7,3.505196,87.105228,281,216,0.0633,0.28,1.20321,0.16695,1.30841,1.03956,0.9196
374,28.811809,1.176645,0.284955,17.647305,22.169488,0.293116,0.607156,25.561926,11.052049,0.332101,2,7,4,2.295857,65.42878,280,218,0.0667,0.2733,1.26207,0.216,1.32576,1.09281,0.95196
376,26.995393,0.87976,0.239353,36.424795,16.220798,0.686551,0.32443,29.338601,8.034231,0.312173,4,10,5,7.762473,92.500661,279,216,0.07,0.28,1.08008,0.05229,1.20807,1.09685,0.89406
369,23.610102,0.815068,0.786843,29.294012,16.952312,0.415493,0.473147,29.082059,14.843351,0.194319,3,8,6,7.979488,70.763821,289,232,0.0367,0.2267,1.00601,-0.00399,1.24321,0.99719,0.8092
377,18.156751,0.96029,0.843274,27.882942,26.146014,0.291243,0.47236,54.196775,13.039066,0.237738,2,10,5,2.661232,65.523604,295,268,0.0167,0.1067,1.01413,0.00787,1.36902,1.03768,0.74078
378,40.803613,0.899034,0.621942,21.978454,33.64404,0.587764,0.464973,40.502378,17.341103,0.374717,1,12,4,3.988452,98.114082,225,163,0.25,0.4567,1.24148,0.19094,1.26348,1.18282,0.98259
372,25.641635,1.474323,0.042174,31.733291,12.826686,0.205384,0.416142,32.635495,15.478078,0.22382,2,12,7,2.94482,71.172079,268,201,0.1067,0.33,1.11469,0.0899,1.20226,1.06461,0.92716
382,22.025676,0.88151,0.669786,16.711542,23.159168,0.457369,0.533743,26.98206,7.641457,0.192322,1,6,8,7.359815,82.35199,280,220,0.0667,0.2667,1.18076,0.15549,1.36384,0.98028,0.86576
375,25.16882,1.580818,0.026582,25.594565,15.801426,0.475295,0.752515,55.338523,15.255632,0.196997,1,9,8,2.787749,61.317864,288,241,0.04,0.1967,1.10561,0.10284,1.19324,1.17076,0.92656
384,39.46832,0.938749,0.623849,33.246281,22.454668,0.519832,0.484862,20.254203,19.057456,0.243939,1,5,4,3.225244,87.585451,95,,0.6833,,0.95045,-0.05794,,1.08742,
386,28.268889,0.621372,0.536214,12.583123,11.743613,0.423407,0.594557,20.244167,8.88913,0.449356,2,7,4,6.654007,93.156675,280,219,0.0667,0.27,0.94809,-0.05773,1.08627,0.87061,0.87279
385,20.044715,1.721585,0.057614,33.686077,14.305736,0.311069,0.588499,62.809528,18.502586,0.487851,3,12,7,6.062524,72.790974,293,252,0.0233,0.16,1.03112,0.02175,1.2816,0.99124,0.80456
389,47.313971,0.633412,0.711589,13.448218,25.327923,0.359921,0.435142,17.71137,8.057013,0.218892,3,4,5,4.410043,76.632372,205,125,0.3167,0.5833,0.92955,-0.06141,1.01579,1.06357,0.9151
388,20.450471,1.615948,0.639943,24.079368,13.964437,0.610302,0.774226,43.863195,8.020295,0.399832,2,5,7,3.540237,91.828146,290,256,0.0333,0.1467,1.04166,0.02691,1.25801,1.08953,0.82802
392,15.064957,0.691554,0.968044,43.135435,25.695537,0.562638,0.391937,41.946058,10.314572,0.235869,2,5,3,2.189169,66.326917,290,256,0.0333,0.1467,0.95132,-0.03961,1.21499,0.98013,0.78299
387,25.924541,0.646149,0.56177,38.098369,18.784175,0.2929,0.621942,36.362873,24.475496,0.25165,4,8,6,6.610385,85.985502,283,241,0.0567,0.1967,0.98937,-0.01959,1.22764,1.05188,0.80591
394,17.938364,0.684928,0.865464,20.977316,19.238376,0.235304,0.422079,34.264336,9.266023,0.181263,2,3,7,3.147173,68.863684,293,265,0.0233,0.1167,1.0163,0.00474,1.30544,0.80796,0.77851
390,20.174681,0.940573,0.769778,14.092165,16.622523,0.676018,0.728245,51.553622,20.995217,0.270462,2,7,3,2.818713,61.61167,294,277,0.02,0.0767,1.0267,0.01612,1.43649,1.14513,0.71472
393,26.821895,1.142436,0.85783,13.580376,13.266863,0.170306,0.232644,17.234379,14.683455,0.126701,4,3,4,4.720216,80.57714,280,199,0.0667,0.3367,0.94084,-0.05972,1.0431,0.93737,0.90197
397,24.075787,1.32973,0.842003,29.96267,22.198257,0.4987,0.691379,21.568479,10.382329,0.1398,4,5,4,5.636175,82.613338,282,205,0.06,0.3167,1.11888,0.10576,1.23479,1.09383,0.90613
398,17.94164,1.093022,0.245513,28.569231,41.002846,0.279147,0.483541,27.200935,7.455431,0.480366,1,4,5,3.228808,99.56424,284,227,0.0533,0.2433,1.12007,0.08205,1.30452,0.97884,0.85861
400,15.914021,2.223787,0.6672,30.374295,29.309155,0.310191,0.109669,18.413111,19.395716,0.490325,4,11,5,6.47096,97.599684,272,171,0.0933,0.43,1.02951,0.02821,1.08182,1.12743,0.95165
403,21.786439,0.600849,0.094284,15.44464,13.055763,0.264524,0.118644,47.477275,10.165211,0.307645,3,12,2,3.000302,62.53993,294,274,0.02,0.0867,1.01333,0.00445,1.32695,1.04782,0.76365
399,23.747103,0.828222,0.615318,14.749133,12.174927,0.199711,0.130826,21.675614,14.90401,0.299366,3,9,7,4.77196,79.543887,283,230,0.0567,0.2333,1.08424,0.06995,1.21965,0.90891,0.88898
404,19.471037,1.276037,0.975076,44.424795,11.860926,0.618889,0.404456,53.771071,9.514844,0.158923,1,5,5,4.469619,92.498428,292,256,0.0267,0.1467,0.9787,-0.00881,1.18974,0.99583,0.82262
406,35.475401,0.957914,0.760888,16.762361,33.176678,0.641595,0.798381,19.845035,10.792498,0.197383,4,11,5,3.634865,60.55585,265,177,0.1167,0.41,1.10546,0.10386,1.15978,1.06938,0.95316
407,20.587299,0.772775,0.113541,47.985558,18.47983,0.322652,0.311818,29.135421,11.38396,0.480867,1,9,2,3.770304,91.115599,277,225,0.0767,0.25,1.05379,0.03973,1.24662,1.01871,0.84532
408,35.944968,0.769583,0.384867,14.107715,12.933039,0.203483,0.764048,37.55641,25.25844,0.432716,4,10,5,7.46747,78.840486,279,228,0.07,0.24,1.11565,0.08204,1.27316,0.97199,0.87628
411,26.578817,0.756216,0.813424,34.161896,42.590341,0.175625,0.213069,45.641876,22.400066,0.152987,2,7,3,2.407099,60.053909,290,252,0.0333,0.16,1.00966,0.01327,1.23136,1.08218,0.81995
405,34.094531,1.388937,0.959257,16.066619,12.1747,0.59038,0.634028,62.110891,18.887867,0.435715,4,3,4,6.238213,85.400562,290,251,0.0333,0.1633,1.07303,0.05813,1.25679,1.17811,0.85378
412,27.70605,0.705653,0.368531,18.513088,33.273684,0.681499,0.585278,40.568975,9.834929,0.491589,1,7,4,5.300675,81.006218,287,243,0.0433,0.19,1.08243,0.05609,1.29317,1.12973,0.83703
413,34.344964,1.054333,0.520127,23.71075,13.447077,0.198592,0.434316,57.697286,9.258105,0.267979,2,11,5,5.022796,77.298188,267,206,0.11,0.3133,1.07496,0.05692,1.23644,1.08446,0.8694
416,41.037924,0.936637,0.44689,19.627609,22.086129,0.58355,0.51756,28.570628,19.528792,0.167457,2,12,4,2.228687,82.531973,159,103,0.47,0.6567,1.3131,0.26282,1.33501,1.32205,0.98359
415,18.381383,2.321141,0.746727,20.265229,16.743319,0.320094,0.3225,19.244408,24.40029,0.253765,3,5,8,2.052706,80.339222,272,179,0.0933,0.4033,1.321,0.30113,1.32295,1.01733,0.99852
414,16.285987,0.994884,0.263451,19.811469,32.295388,0.504482,0.232404,44.542475,7.587987,0.229743,4,3,5,4.526539,66.398959,292,271,0.0267,0.0967,1.01658,0.00681,1.37646,1.01701,0.73854
420,20.550832,1.757517,0.481713,40.811987,11.547506,0.372235,0.167445,34.224235,22.419893,0.249679,1,8,7,5.365944,87.432164,279,205,0.07,0.3167,1.22758,0.1852,1.33741,1.16895,0.91788
421,16.267047,2.325341,0.843284,27.381962,37.93257,0.486483,0.296096,24.221234,7.232029,0.318949,1,10,2,2.813076,98.286504,276,202,0.08,0.3267,1.29953,0.2447,1.35781,1.08389,0.95708
417,15.384684,0.845237,0.522465,14.713106,22.136643,0.235673,0.719141,19.577745,26.713681,0.171668,4,11,4,2.123438,99.812223,283,233,0.0567,0.2233,1.01012,0.01153,1.17055,0.92272,0.86294
427,16.687159,0.925006,0.415554,31.858763,35.215064,0.194789,0.151127,27.400205,26.981216,0.153196,2,6,4,7.903158,82.783828,285,237,0.05,0.21,0.98341,-0.0172,1.22024,1.01442,0.80591
426,16.315876,1.421855,0.310117,17.816057,36.00754,0.374518,0.488816,47.286746,7.618755,0.219981,3,5,8,3.136265,73.732496,295,270,0.0167,0.1,1.02632,0.02144,1.38677,1.06182,0.74008
429,16.482909,1.264484,0.549026,12.585449,16.516105,0.272804,0.546331,29.837039,20.810274,0.125646,4,10,6,5.847913,73.290885,289,250,0.0367,0.1667,1.05383,0.03895,1.35567,0.95251,0.77735
430,31.338935,0.670848,0.55653,20.756843,11.189925,0.308503,0.699784,35.385524,10.724405,0.165383,1,5,3,7.91929,95.775963,287,216,0.0433,0.28,1.17699,0.13876,1.31782,1.0424,0.89313
431,22.58014,1.840419,0.938887,24.564731,13.100129,0.382516,0.776354,51.894221,11.579054,0.169438,3,12,2,4.703083,65.469995,293,257,0.0233,0.1433,1.04038,0.02828,1.27277,0.99303,0.81741
432,24.088777,1.019679,0.16408,27.250508,12.227155,0.378304,0.685511,16.279631,12.327605,0.406603,1,5,3,5.898203,95.846501,269,177,0.1033,0.41,0.97975,-0.02402,1.12169,1.10145,0.87346
435,23.451141,2.260646,0.109864,19.354454,42.517491,0.216892,0.189223,61.965136,14.045342,0.458203,4,4,5,2.567082,78.966357,292,254,0.0267,0.1533,1.0006,-0.00108,1.14219,1.08654,0.87604
436,31.986507,0.693376,0.890285,39.798178,12.956167,0.397211,0.345265,51.32637,7.675004,0.202105,3,7,3,5.97943,84.467661,278,227,0.0733,0.2433,0.98564,-0.01328,1.21742,1.12622,0.80961
433,37.693746,1.531145,0.890675,24.277471,37.662487,0.224041,0.367281,22.966353,8.310665,0.293882,2,5,8,4.845297,64.20685,164,81,0.4533,0.73,1.38669,0.33564,1.22007,1.25677,1.13657
434,22.886866,0.694851,0.737788,33.456892,33.252505,0.469837,0.411228,17.164786,8.572536,0.21673,3,4,2,3.130018,92.981799,274,194,0.0867,0.3533,0.985,-0.00287,1.11348,1.11051,0.88461
437,16.747025,0.765436,0.893368,21.185275,35.29954,0.377868,0.525585,23.092424,20.913354,0.392171,1,7,7,2.688527,93.462366,285,235,0.05,0.2167,1.09293,0.07882,1.27369,1.03112,0.85808
440,17.991105,1.052742,0.022365,16.045834,43.523996,0.451664,0.414151,22.317462,8.721104,0.12638,4,12,5,3.166145,68.494831,285,234,0.05,0.22,1.10916,0.09274,1.26359,0.92698,0.87778
441,24.786977,2.028702,0.606701,26.666581,22.582779,0.53535,0.16404,26.274706,8.863494,0.177708,1,11,6,2.233163,61.490862,285,202,0.05,0.3267,1.37563,0.31796,1.30476,1.17707,1.05432
442,21.277995,1.413822,0.369979,18.887344,20.021987,0.424154,0.367623,51.385609,18.960567,0.20895,1,6,3,4.798206,82.475367,292,248,0.0267,0.1733,1.06824,0.04638,1.35503,1.15538,0.78836
443,15.504794,0.837131,0.915905,17.141183,28.981206,0.185767,0.434419,25.885562,22.580381,0.169403,3,6,4,4.489179,80.198572,289,255,0.0367,0.15,1.04841,0.03282,1.30661,0.95529,0.80239
444,16.604548,1.400772,0.122569,44.340844,42.040824,0.371224,0.520404,40.695579,8.441393,0.129588,3,8,2,4.344594,78.482591,288,254,0.04,0.1533,0.96773,-0.02541,1.19508,1.05725,0.80976
448,24.289332,0.65407,0.39209,18.464682,25.023098,0.266069,0.787051,33.256397,23.071731,0.434058,2,12,3,3.147614,97.301967,289,248,0.0367,0.1733,1.09629,0.06978,1.33313,0.96327,0.82234
450,28.278912,1.470704,0.625444,26.991272,26.51609,0.337182,0.494397,39.487793,10.418024,0.44034,2,3,3,4.943849,85.593377,283,232,0.0567,0.2267,1.11015,0.08247,1.24403,1.04984,0.89238
446,24.714875,2.171128,0.787578,15.159272,33.158137,0.467553,0.73592,34.239721,9.28189,0.419086,1,9,5,2.692191,81.863175,280,209,0.0667,0.3033,1.42517,0.32615,1.4507,1.08444,0.9824
453,19.367539,0.815683,0.506277,13.731927,22.099705,0.23141,0.210103,53.315897,19.756056,0.159043,4,8,3,4.652385,73.390269,297,279,0.01,0.07,0.98923,-0.01356,1.40961,1.0806,0.70178
449,36.4653,0.854807,0.377179,16.660717,20.608769,0.334349,0.116403,34.973371,13.012402,0.149868,4,6,5,7.345782,91.502044,266,206,0.1133,0.3133,1.13921,0.10654,1.27627,1.03084,0.89261
454,33.779846,0.701209,0.457375,22.200164,23.665801,0.401687,0.675348,39.304121,25.061155,0.157124,2,11,6,3.753315,68.93465,287,238,0.0433,0.2067,1.07142,0.05108,1.27714,1.01988,0.83892
455,35.369678,1.011772,0.681937,27.21565,12.970267,0.248675,0.162858,31.941896,14.866963,0.44207,2,4,3,7.862425,98.749882,213,129,0.29,0.57,1.20263,0.15732,1.28095,1.09066,0.93886
452,19.749318,1.656316,0.052345,45.947968,13.195957,0.240777,0.384209,29.694611,14.062069,0.135634,3,3,6,2.44862,71.085671,275,217,0.0833,0.2767,1.16852,0.14555,1.41457,1.11034,0.82606
456,16.706383,1.007307,0.251261,19.40039,23.944479,0.174158,0.503461,42.476475,8.290144,0.26116,3,8,2,3.058547,79.472938,294,271,0.02,0.0967,1.01819,0.00471,1.36298,1.00029,0.74703
458,20.000997,1.796893,0.600166,48.998645,22.340835,0.441458,0.349501,55.631429,16.75098,0.346464,4,6,6,6.027524,80.585271,282,234,0.06,0.22,1.0464,0.05173,1.24443,1.0742,0.84087
460,20.913472,0.610687,0.789071,31.285189,39.957168,0.219527,0.659089,20.313657,10.829054,0.271659,1,8,7,4.224066,66.856668,282,215,0.06,0.2833,0.98765,-0.01716,1.15385,1.03882,0.85596
461,24.444143,1.010249,0.772499,44.25337,14.300214,0.282452,0.615366,26.528128,27.132749,0.222887,4,6,7,6.847307,96.53026,277,212,0.0767,0.2933,1.05711,0.03551,1.22203,1.14225,0.86505
462,42.414465,1.807987,0.969238,28.923497,38.958832,0.601491,0.149796,16.54077,7.87808,0.216508,4,7,5,2.537291,78.33952,60,,0.8,,1.13588,0.14814,,1.18877,
459,24.150801,1.977261,0.886787,13.440479,12.213775,0.453699,0.431998,28.127627,14.790286,0.205525,2,10,3,2.20311,80.874953,285,219,0.05,0.27,1.37915,0.29945,1.41703,0.97672,0.97327
464,22.933981,1.243399,0.68731,32.821721,13.508729,0.454036,0.192513,45.556103,15.32896,0.258093,1,4,4,3.37524,85.849597,291,242,0.03,0.1933,1.0599,0.05865,1.19294,1.10704,0.88848
466,32.2243,1.581781,0.387418,18.806896,31.279411,0.211603,0.242294,44.448005,8.358474,0.401894,4,7,4,3.151587,82.037352,277,223,0.0767,0.2567,1.14817,0.12522,1.24829,1.14389,0.9198
467,40.00371,0.961591,0.870964,20.075612,32.583821,0.357473,0.518868,48.663846,11.409708,0.21349,2,9,7,4.64298,67.728792,272,208,0.0933,0.3067,1.10871,0.08902,1.26763,1.15174,0.87464
463,16.826333,1.35117,0.716796,20.207563,21.133661,0.173307,0.370754,19.55516,10.020522,0.201182,1,5,3,5.168943,89.880648,273,203,0.09,0.3233,1.01561,0.01154,1.10522,0.94572,0.91892
469,31.433041,0.858077,0.196007,32.696688,26.104336,0.380421,0.358387,41.158468,9.071241,0.242653,1,8,6,3.370384,97.231065,276,218,0.08,0.2733,1.08359,0.06523,1.23053,1.07651,0.88059
470,17.942446,0.688963,0.143034,46.445828,16.369319,0.238138,0.551071,60.660733,13.916008,0.169627,2,4,4,3.323904,93.280836,291,259,0.03,0.1367,0.96945,-0.02647,1.20812,1.01224,0.80244
465,16.778958,2.257335,0.624065,28.093341,42.680218,0.377489,0.102474,35.104635,22.945365,0.338098,1,10,2,7.333545,70.81675,273,206,0.09,0.3133,1.20443,0.16886,1.35811,1.05191,0.88684
471,43.914679,0.630239,0.736416,30.493848,17.15562,0.253726,0.185167,24.951774,7.384559,0.183441,3,8,2,2.892432,83.055161,103,,0.6567,,1.26508,0.24985,,1.25074,
468,22.520805,1.130395,0.155231,21.700151,16.480245,0.427319,0.791492,25.267559,12.091875,0.176439,1,3,4,2.198216,86.108617,290,221,0.0333,0.2633,1.19088,0.15226,1.28786,1.01096,0.9247
473,18.887201,1.253177,0.461067,41.456287,23.659116,0.410456,0.687671,16.327015,27.774349,0.170917,2,8,6,4.12132,97.130408,268,181,0.1067,0.3967,1.05106,0.0716,1.19013,1.20911,0.88314
475,19.584109,1.870177,0.323253,14.706966,15.450735,0.229811,0.254967,27.553158,14.80121,0.454021,3,3,4,5.642034,75.603714,284,230,0.0533,0.2333,1.17781,0.14174,1.36164,0.87843,0.86499
476,29.778592,1.011908,0.399485,41.655833,27.889002,0.346284,0.397046,23.422305,8.19157,0.154574,3,10,6,3.038198,83.174111,190,96,0.3667,0.68,1.17429,0.14202,1.22674,1.15086,0.95724
478,25.280186,0.864716,0.431908,45.041377,36.412125,0.204285,0.573739,20.034901,8.322499,0.289764,3,11,5,3.367002,65.576444,261,187,0.13,0.3767,1.07459,0.06298,1.13389,1.07574,0.9477
481,23.773824,0.745746,0.864065,45.194241,22.474212,0.384784,0.24988,25.156781,12.287475,0.432694,1,5,5,2.695489,82.301657,275,209,0.0833,0.3033,1.12274,0.1029,1.23807,1.08829,0.90684
477,30.134238,1.150375,0.751099,21.196769,12.952036,0.298313,0.552849,25.787884,10.072489,0.463735,2,9,4,3.778981,75.832544,281,216,0.0633,0.28,1.21243,0.17319,1.24036,1.07003,0.97748
484,22.923233,1.589753,0.307956,41.123845,23.888479,0.403052,0.645149,25.076653,20.51914,0.133013,4,8,8,4.878344,69.380438,266,194,0.1133,0.3533,1.26895,0.23272,1.33337,1.16858,0.95169
485,31.000518,0.697184,0.576207,16.999515,26.634833,0.551963,0.662643,27.758509,10.808814,0.231966,3,12,2,7.123324,86.214724,286,226,0.0467,0.2467,1.08446,0.07052,1.17712,0.98301,0.92128
488,23.374867,0.756492,0.951847,31.817005,26.881706,0.251128,0.353369,24.122985,20.06172,0.178237,3,5,7,4.508906,60.592019,286,228,0.0467,0.24,1.05597,0.03999,1.2551,1.01278,0.84134
487,18.137534,0.997401,0.089888,30.145163,40.425478,0.27198,0.289434,31.606033,19.721781,0.243581,2,4,4,2.036805,66.382398,285,245,0.05,0.1833,1.01085,0.00284,1.3679,0.97587,0.73898
483,44.798398,0.634878,0.552367,15.719218,11.623097,0.261694,0.560927,22.523429,12.495907,0.251364,4,7,4,6.841723,80.969504,161,101,0.4633,0.6633,1.03006,0.02803,1.15903,1.01801,0.88872
492,19.504836,1.880431,0.80423,49.36939,19.118998,0.308038,0.108228,24.105112,8.004452,0.416696,4,7,5,2.960518,60.912304,263,192,0.1233,0.36,1.2128,0.17921,1.30063,1.1566,0.93247
491,31.226867,1.656223,0.906841,17.360199,22.876279,0.436431,0.766327,22.875282,26.382474,0.134489,1,10,6,4.767134,90.974074,274,194,0.0867,0.3533,1.22692,0.21021,1.36132,1.14688,0.90127
493,25.883252,0.928617,0.548406,42.612155,17.836571,0.218078,0.123345,22.653544,13.552024,0.165167,4,6,4,2.631767,68.79961,271,199,0.0967,0.3367,1.06309,0.05513,1.1643,1.16593,0.91307
490,22.340078,0.803991,0.01575,20.974481,37.557612,0.391802,0.674248,39.740261,14.26686,0.32142,4,6,4,3.384126,65.721901,291,258,0.03,0.14,1.01999,0.01213,1.33923,1.01205,0.76162
494,49.127643,1.170087,0.950692,17.181542,20.275592,0.184813,0.223371,18.225762,13.187664,0.438806,2,9,2,2.217874,96.662302,123,61,0.59,0.7967,1.04285,0.05012,1.00859,1.15944,1.03396
497,23.561341,1.959135,0.587563,42.732268,28.059576,0.229145,0.210842,59.710311,12.75174,0.25394,4,5,4,3.249903,95.969012,267,211,0.11,0.2967,1.12802,0.11919,1.24895,1.13269,0.90318
498,28.262938,1.475738,0.749438,32.577302,15.113917,0.321244,0.406792,39.602635,8.806634,0.410575,1,5,3,2.514072,63.492672,267,209,0.11,0.3033,1.12026,0.10914,1.19708,1.16116,0.93583
499,28.245715,1.852488,0.47659,31.759406,11.132363,0.394915,0.487683,19.671133,24.695279,0.138242,4,10,7,2.921764,92.161014,208,100,0.3067,0.6667,1.36137,0.32697,1.30964,1.31278,1.03949
