model_version,experiment,condition,seed,cond_recover_at,config_id,PERSONALITY_WEIGHT,TRAIT_DRIFT,TRAIT_SATURATION,LANDMARK_BONUS,HARDSHIP_MAX_BOOST,FLOOR_DECAY_PER_DAY,LANDMARK_PERMANENT,GOAL_BONUS,GOAL_OFF_TASK,GOAL_SWITCH_MARGIN,GOAL_MIN_DAYS,GOAL_REFRACTORY,GOAL_STALL_DAYS,GOAL_SLACK_FOOD,GOAL_SLACK_COND,n_move,n_stay,dead_move,dead_stay,ratio_move,logratio_move,ratio_stay,goal_ratio_move,keep
v3,021-4-param_sweep,transplant(move)+persistence(stay),0,65.0,5,21.833771,1.969766,0.28269,25.649783,12.749148,0.21311,0.120866,17.677738,7.101077,0.138575,2,7,2,5.675307,72.730044,279,205,0.07,0.3167,1.02048,0.0122,1.13992,1.02248,0.89522
v3,021-4-param_sweep,transplant(move)+persistence(stay),0,65.0,10,28.331813,1.110731,0.689801,23.347873,31.061663,0.2622,0.336375,23.87791,17.236158,0.410119,1,11,2,7.806472,84.177441,278,211,0.0733,0.2967,1.21835,0.2019,1.24475,1.07098,0.9788
v3,021-4-param_sweep,transplant(move)+persistence(stay),0,65.0,6,23.625102,1.096105,0.472868,47.21851,14.260798,0.37529,0.173886,38.191523,8.948511,0.252121,2,5,4,6.472078,76.444127,267,206,0.11,0.3133,1.10549,0.08307,1.27781,0.95615,0.86515
v3,021-4-param_sweep,transplant(move)+persistence(stay),0,65.0,2,23.212345,0.932559,0.21243,16.951145,38.063756,0.422111,0.691878,24.676315,8.728556,0.340625,2,11,3,5.044784,74.699895,287,239,0.0433,0.2033,1.11182,0.0923,1.27229,0.97389,0.87387
v3,021-4-param_sweep,transplant(move)+persistence(stay),0,65.0,9,18.747317,0.686902,0.539985,43.136796,12.605166,0.227772,0.269257,22.887431,23.627955,0.335357,1,4,3,3.769373,99.809755,284,242,0.0533,0.1933,1.04278,0.02285,1.22603,1.02041,0.85053
v3,021-4-param_sweep,transplant(move)+persistence(stay),0,65.0,4,25.154615,0.769655,0.760289,21.769504,31.550613,0.198468,0.563354,47.986604,9.083203,0.200932,3,10,3,7.160266,91.145089,296,270,0.0133,0.1,0.98718,-0.01143,1.3074,1.07324,0.75507
v3,021-4-param_sweep,transplant(move)+persistence(stay),0,65.0,11,40.22688,1.018294,0.880937,31.081376,14.487193,0.283732,0.583243,55.562744,21.330327,0.352708,3,3,4,2.866245,61.257664,161,97,0.4633,0.6767,1.24471,0.21098,1.28548,0.96246,0.96828
v3,021-4-param_sweep,transplant(move)+persistence(stay),0,65.0,13,19.506919,1.142289,0.221622,16.494325,29.992281,0.616785,0.270892,41.137083,17.846454,0.249047,1,5,8,4.730534,97.955555,289,254,0.0367,0.1533,1.04975,0.0235,1.3996,1.00592,0.75004
v3,021-4-param_sweep,transplant(move)+persistence(stay),0,65.0,15,35.928397,1.170451,0.374664,22.588404,22.825695,0.494624,0.306565,25.207608,7.606633,0.1376,3,7,8,2.344858,81.023228,256,178,0.1467,0.4067,1.27109,0.25957,1.22931,1.12013,1.03399
v3,021-4-param_sweep,transplant(move)+persistence(stay),0,65.0,16,23.018918,1.013088,0.597262,34.284415,29.26996,0.686355,0.767435,20.10395,23.838518,0.253907,2,4,5,7.201216,62.613152,280,221,0.0667,0.2633,1.08088,0.08712,1.18552,0.97146,0.91174
v3,021-4-param_sweep,transplant(move)+persistence(stay),0,65.0,14,37.556942,0.892202,0.443531,18.443254,43.228754,0.201926,0.253875,61.510385,21.651224,0.20896,1,4,4,2.586094,96.821702,296,260,0.0133,0.1333,0.95856,-0.01703,1.09933,1.06958,0.87195
v3,021-4-param_sweep,transplant(move)+persistence(stay),0,65.0,20,48.312001,1.145535,0.394787,13.681801,22.199374,0.310185,0.415836,56.822041,24.237236,0.185839,2,12,3,7.193108,94.42357,80,70,0.7333,0.7667,1.08789,0.06362,1.23543,1.05058,0.88058
v3,021-4-param_sweep,transplant(move)+persistence(stay),0,65.0,18,27.0934,0.720513,0.383719,31.180024,26.935944,0.251485,0.438308,19.974841,25.969094,0.285338,1,11,7,3.758956,87.624487,280,223,0.0667,0.2567,1.06224,0.05952,1.21174,0.97824,0.87663
v3,021-4-param_sweep,transplant(move)+persistence(stay),0,65.0,21,23.44883,1.00537,0.660358,22.701889,19.190283,0.421483,0.309541,20.32543,7.870631,0.497546,3,12,2,6.520653,97.246146,285,223,0.05,0.2567,1.09786,0.09069,1.15203,1.01738,0.95298
v3,021-4-param_sweep,transplant(move)+persistence(stay),0,65.0,19,16.419757,1.491883,0.421028,30.241294,16.303444,0.53835,0.210955,32.977211,7.954275,0.180318,1,4,4,7.067677,66.688853,287,233,0.0433,0.2233,1.17514,0.13647,1.26277,0.92624,0.93061
v3,021-4-param_sweep,transplant(move)+persistence(stay),0,65.0,17,35.780225,1.932244,0.5074,14.049117,26.95851,0.184445,0.777996,39.649536,7.281801,0.435732,3,12,6,2.369079,98.28505,288,220,0.04,0.2667,1.49632,0.39069,1.46716,1.13689,1.01987
v3,021-4-param_sweep,transplant(move)+persistence(stay),0,65.0,23,29.919763,0.674431,0.146301,25.211038,17.734772,0.463239,0.132629,24.06346,26.497507,0.474295,2,10,4,7.128474,71.882227,285,230,0.05,0.2333,1.09027,0.07255,1.25937,0.96854,0.86573
v3,021-4-param_sweep,transplant(move)+persistence(stay),0,65.0,24,40.212753,1.222193,0.542994,13.177098,24.797441,0.231028,0.644599,16.359009,12.090809,0.130359,1,4,8,2.173013,73.912572,269,190,0.1033,0.3667,1.01078,0.04064,1.04582,0.98334,0.96649
v3,021-4-param_sweep,transplant(move)+persistence(stay),0,65.0,26,18.496655,1.20345,0.577555,24.547398,14.936487,0.527645,0.743028,25.192314,13.37671,0.313036,4,12,5,2.778392,73.970607,290,244,0.0333,0.1867,1.12545,0.0988,1.26369,0.90643,0.8906
v3,021-4-param_sweep,transplant(move)+persistence(stay),0,65.0,27,21.575163,1.213039,0.397821,46.407311,22.652934,0.404787,0.67088,29.484082,27.694734,0.219724,4,9,7,2.288718,85.049694,279,207,0.07,0.31,1.12817,0.11201,1.23512,1.2018,0.91341
v3,021-4-param_sweep,transplant(move)+persistence(stay),0,65.0,28,31.615202,0.718756,0.180876,40.266522,11.211276,0.565256,0.748379,27.28092,15.994225,0.301877,4,4,6,2.440378,70.430634,233,174,0.2233,0.42,1.1225,0.09198,1.23095,1.08333,0.91189
v3,021-4-param_sweep,transplant(move)+persistence(stay),0,65.0,29,33.186512,0.992491,0.551598,13.702578,21.552602,0.440387,0.387224,55.155865,10.88395,0.217941,1,7,5,4.62728,89.577545,293,259,0.0233,0.1367,1.08168,0.06872,1.32641,1.30177,0.81549
v3,021-4-param_sweep,transplant(move)+persistence(stay),0,65.0,31,43.032616,0.686078,0.829777,40.384754,12.714,0.325416,0.378501,18.2045,23.914741,0.345807,3,6,3,6.749742,93.318999,79,,0.7367,,0.97155,-0.00735,,0.98255,
v3,021-4-param_sweep,transplant(move)+persistence(stay),0,65.0,33,25.959062,0.892201,0.831312,33.51006,32.430141,0.177591,0.116611,25.555274,8.05735,0.289395,3,12,2,4.021511,69.406065,286,237,0.0467,0.21,1.12243,0.0994,1.23695,1.06896,0.90742
v3,021-4-param_sweep,transplant(move)+persistence(stay),0,65.0,30,17.82798,2.264901,0.597953,27.332263,43.724479,0.456034,0.755305,40.608791,14.914252,0.157719,1,8,3,2.023643,93.734983,292,250,0.0267,0.1667,1.05428,0.04341,1.37743,0.98323,0.7654
v3,021-4-param_sweep,transplant(move)+persistence(stay),0,65.0,34,17.549705,1.545704,0.793586,19.683148,26.49286,0.55329,0.221367,29.042654,17.762987,0.484707,3,8,5,4.321155,84.773432,291,251,0.03,0.1633,1.08163,0.06733,1.28933,0.8385,0.83891
v3,021-4-param_sweep,transplant(move)+persistence(stay),0,65.0,37,52.204825,0.737271,0.748634,20.294554,12.872214,0.657634,0.491631,47.840753,8.216032,0.188408,1,7,6,2.504747,78.258569,101,,0.6633,,1.34706,0.27431,,1.22461,
v3,021-4-param_sweep,transplant(move)+persistence(stay),0,65.0,35,31.185757,1.757593,0.812663,36.386264,13.986681,0.58742,0.530122,52.168899,7.606011,0.152198,3,11,8,4.158212,67.746489,163,119,0.4567,0.6033,1.26419,0.21863,1.28124,0.99845,0.98669
v3,021-4-param_sweep,transplant(move)+persistence(stay),0,65.0,36,28.385722,1.676745,0.350648,12.80291,29.275505,0.307105,0.372507,23.776435,9.745402,0.241824,4,7,2,6.238798,61.666604,283,215,0.0567,0.2833,1.3823,0.32781,1.4336,0.99424,0.96421
v3,021-4-param_sweep,transplant(move)+persistence(stay),0,65.0,38,15.135161,2.014592,0.63888,35.38425,19.43039,0.289529,0.655938,40.196565,24.536355,0.204466,1,9,3,7.656859,63.320017,286,233,0.0467,0.2233,1.14398,0.11167,1.32623,0.94461,0.86258
v3,021-4-param_sweep,transplant(move)+persistence(stay),0,65.0,40,32.460452,0.640662,0.127646,29.997898,11.183558,0.274525,0.443854,61.798839,12.47535,0.225688,3,6,5,5.720071,64.176439,295,265,0.0167,0.1167,0.98354,-0.01012,1.25036,0.96008,0.7866
v3,021-4-param_sweep,transplant(move)+persistence(stay),0,65.0,41,32.928051,1.583063,0.425475,13.490778,27.609993,0.174922,0.717464,46.492178,18.067508,0.463884,1,4,7,6.22287,71.010371,288,237,0.04,0.21,1.21366,0.18271,1.27206,1.14429,0.95409
v3,021-4-param_sweep,transplant(move)+persistence(stay),0,65.0,43,22.293816,1.567621,0.658455,21.037441,21.815975,0.285151,0.798856,21.09968,9.281348,0.134864,2,8,2,5.989049,86.327196,284,224,0.0533,0.2533,1.23537,0.204,1.26475,1.01085,0.97677
v3,021-4-param_sweep,transplant(move)+persistence(stay),0,65.0,44,26.904447,0.750299,0.970335,43.459848,13.790121,0.509137,0.370801,17.590544,7.878221,0.218408,1,9,8,7.839067,81.844676,275,200,0.0833,0.3333,0.9705,-0.02079,1.0383,0.95298,0.9347
v3,021-4-param_sweep,transplant(move)+persistence(stay),0,65.0,46,34.238511,2.14218,0.677353,15.548298,29.406257,0.422153,0.573339,21.001124,15.178612,0.14831,3,4,7,4.266616,87.73507,283,194,0.0567,0.3533,1.82335,0.66227,1.62063,1.04544,1.12509
v3,021-4-param_sweep,transplant(move)+persistence(stay),0,65.0,47,15.437094,1.161949,0.786626,21.347185,18.060373,0.294013,0.406813,20.290471,8.347385,0.158879,3,5,3,2.775976,62.395294,289,243,0.0367,0.19,1.01836,0.01596,1.16101,0.90741,0.87714
v3,021-4-param_sweep,transplant(move)+persistence(stay),0,65.0,49,19.449917,0.830004,0.929744,17.397561,25.825354,0.201517,0.142775,18.373181,9.44023,0.153345,1,5,3,7.430352,96.877027,281,209,0.0633,0.3033,1.01493,0.03751,1.1157,0.96058,0.90968
v3,021-4-param_sweep,transplant(move)+persistence(stay),0,65.0,50,17.964518,0.762121,0.308451,16.647191,14.391828,0.557641,0.726685,46.787734,13.96811,0.171489,2,9,6,7.252034,98.017919,293,269,0.0233,0.1033,0.99327,-0.01133,1.2808,0.86581,0.77551
v3,021-4-param_sweep,transplant(move)+persistence(stay),0,65.0,51,32.436941,0.65506,0.866412,25.362956,34.383792,0.287901,0.488259,55.045076,8.943697,0.385764,3,12,7,6.932566,83.136239,295,270,0.0167,0.1,0.9932,-0.01649,1.33741,1.12322,0.74263
v3,021-4-param_sweep,transplant(move)+persistence(stay),0,65.0,52,29.827041,0.757936,0.488455,12.944157,23.706526,0.411827,0.316743,39.569943,20.348475,0.183594,1,5,8,4.533689,69.145992,290,249,0.0333,0.17,1.07785,0.05544,1.38811,1.05231,0.77649
v3,021-4-param_sweep,transplant(move)+persistence(stay),0,65.0,53,23.095389,0.845413,0.088135,48.706819,14.29549,0.29968,0.332382,26.479326,9.327314,0.141157,1,6,4,3.842379,75.12436,249,180,0.17,0.4,1.09097,0.07163,1.22257,0.98904,0.89236
v3,021-4-param_sweep,transplant(move)+persistence(stay),0,65.0,55,38.569647,1.091816,0.579936,26.569686,32.987213,0.24663,0.26836,57.19975,12.062252,0.170183,1,8,4,2.029138,71.800606,214,171,0.2867,0.43,1.18045,0.17254,1.27194,1.00864,0.92807
v3,021-4-param_sweep,transplant(move)+persistence(stay),0,65.0,56,38.049108,0.825784,0.796672,13.475107,40.371207,0.219184,0.71383,28.248144,12.085547,0.144626,1,10,5,4.253654,71.955493,288,245,0.04,0.1833,1.21077,0.18208,1.34037,1.07166,0.90331
v3,021-4-param_sweep,transplant(move)+persistence(stay),0,65.0,57,29.544712,1.006502,0.028628,36.600518,30.346678,0.390746,0.247796,20.270512,24.886588,0.235645,3,9,6,3.543966,86.419449,192,145,0.36,0.5167,1.07883,0.07362,1.18868,0.98566,0.90758
v3,021-4-param_sweep,transplant(move)+persistence(stay),0,65.0,58,38.678387,1.725282,0.423298,16.443844,12.975534,0.191773,0.536496,21.611482,23.134592,0.292957,4,3,3,4.336628,92.503471,214,86,0.2867,0.7133,1.66219,0.56446,1.66739,1.10931,0.99688
v3,021-4-param_sweep,transplant(move)+persistence(stay),0,65.0,59,25.661915,1.457599,0.675855,29.44106,39.656234,0.224835,0.459815,38.063463,11.079358,0.136384,2,12,5,2.109304,70.274279,287,251,0.0433,0.1633,1.08581,0.06662,1.32203,1.11143,0.82133
v3,021-4-param_sweep,transplant(move)+persistence(stay),0,65.0,60,17.36278,0.702894,0.832792,48.357756,16.128101,0.250831,0.125299,55.629669,15.353786,0.405297,2,10,8,4.508903,61.724344,294,276,0.02,0.08,0.98362,-0.02658,1.32736,1.0661,0.74104
v3,021-4-param_sweep,transplant(move)+persistence(stay),0,65.0,61,15.726446,0.93484,0.006904,13.384022,24.442185,0.366502,0.6285,30.906098,14.203694,0.359512,3,11,3,4.404677,71.75527,291,259,0.03,0.1367,1.02236,0.01277,1.29121,0.86293,0.79178
v3,021-4-param_sweep,transplant(move)+persistence(stay),0,65.0,62,36.139751,1.386405,0.179916,17.593858,11.947273,0.184681,0.653125,22.322808,17.885986,0.204256,3,11,5,5.72246,85.043997,263,148,0.1233,0.5067,1.3949,0.35605,1.45141,1.064,0.96107
v3,021-4-param_sweep,transplant(move)+persistence(stay),0,65.0,63,23.901863,1.38933,0.4023,36.539465,24.150661,0.56176,0.409977,20.6768,16.158273,0.330065,4,9,4,4.243151,74.273114,281,202,0.0633,0.3267,1.21706,0.19742,1.27073,1.02603,0.95776
v3,021-4-param_sweep,transplant(move)+persistence(stay),0,65.0,64,26.823914,0.873701,0.04708,39.433694,21.577442,0.424264,0.110096,19.644043,16.40915,0.193151,3,3,4,5.104588,70.810173,266,182,0.1133,0.3933,1.06302,0.06151,1.16102,1.01529,0.91559
v3,021-4-param_sweep,transplant(move)+persistence(stay),0,65.0,65,25.100867,0.877913,0.272514,17.212514,22.741762,0.59233,0.580242,33.259205,10.92418,0.470269,4,6,6,2.068285,88.143844,289,253,0.0367,0.1567,1.06723,0.04431,1.36647,0.99208,0.78101
v3,021-4-param_sweep,transplant(move)+persistence(stay),0,65.0,69,24.214065,2.138496,0.024412,33.55868,25.025037,0.17111,0.612447,49.151021,14.948385,0.498999,2,12,8,3.048488,62.832361,285,242,0.05,0.1933,1.17107,0.14093,1.33422,0.96489,0.87772
v3,021-4-param_sweep,transplant(move)+persistence(stay),0,65.0,70,25.099987,0.616634,0.059425,41.796665,11.876543,0.23982,0.298464,18.308792,27.282815,0.160052,3,10,4,4.775341,85.033152,281,218,0.0633,0.2733,0.94196,-0.05973,1.07033,1.00093,0.88007
v3,021-4-param_sweep,transplant(move)+persistence(stay),0,65.0,71,34.154346,2.279996,0.534748,20.295389,28.056961,0.269257,0.49461,58.404531,11.861257,0.269348,4,9,2,5.031381,71.026466,285,211,0.05,0.2967,1.264,0.22409,1.26766,0.96307,0.99712
v3,021-4-param_sweep,transplant(move)+persistence(stay),0,65.0,73,24.431174,0.933126,0.456746,14.519835,26.935575,0.455232,0.105782,21.823019,25.847747,0.436937,3,11,8,4.748083,65.752813,287,237,0.0433,0.21,1.13407,0.11431,1.27314,0.92604,0.89077
v3,021-4-param_sweep,transplant(move)+persistence(stay),0,65.0,72,17.108672,1.487114,0.441036,29.567983,16.28212,0.304597,0.167053,38.655339,22.220583,0.15065,2,3,5,4.18893,61.150288,294,267,0.02,0.11,0.96342,-0.04307,1.26221,0.92839,0.76328
v3,021-4-param_sweep,transplant(move)+persistence(stay),0,65.0,74,18.84079,2.007355,0.257445,26.740035,20.325976,0.203657,0.634952,46.003891,7.167884,0.320897,3,7,5,3.157899,65.680244,294,266,0.02,0.1133,1.02111,0.01977,1.32464,0.9263,0.77086
v3,021-4-param_sweep,transplant(move)+persistence(stay),0,65.0,76,46.40255,0.675217,0.802441,24.814162,15.374965,0.187338,0.213834,23.718939,12.935259,0.195035,4,8,4,5.706298,94.607852,190,93,0.3667,0.69,1.39867,0.35414,1.2181,1.12359,1.14823
v3,021-4-param_sweep,transplant(move)+persistence(stay),0,65.0,77,29.679461,0.751362,0.429406,28.445543,35.537659,0.415196,0.752559,16.794677,13.330313,0.488748,2,10,4,6.082856,86.38492,281,213,0.0633,0.29,0.97557,0.00911,1.09747,1.02224,0.88893
v3,021-4-param_sweep,transplant(move)+persistence(stay),0,65.0,78,27.406617,0.670354,0.799594,17.562513,18.139615,0.269432,0.726252,16.601676,16.942142,0.30504,3,6,4,4.198855,66.84503,283,222,0.0567,0.26,0.96586,-0.0236,1.1163,1.01063,0.86523
v3,021-4-param_sweep,transplant(move)+persistence(stay),0,65.0,79,21.054594,1.559916,0.470192,16.564728,15.559888,0.666108,0.322426,31.374613,26.431775,0.256614,4,4,5,4.203588,67.840838,289,246,0.0367,0.18,1.12898,0.08933,1.33422,0.86701,0.84617
v3,021-4-param_sweep,transplant(move)+persistence(stay),0,65.0,80,21.060853,1.990965,0.703721,21.996588,39.714559,0.600809,0.219377,21.005481,23.790548,0.161947,1,12,3,5.995958,72.156061,281,209,0.0633,0.3033,1.51565,0.43183,1.59973,1.13615,0.94744
v3,021-4-param_sweep,transplant(move)+persistence(stay),0,65.0,82,33.892624,0.82155,0.25169,39.204723,19.853327,0.305915,0.498221,25.127191,13.603099,0.379609,4,7,2,2.274166,75.539061,124,107,0.5867,0.6433,1.15839,0.11087,1.22369,1.1099,0.94664
v3,021-4-param_sweep,transplant(move)+persistence(stay),0,65.0,83,17.925625,1.819099,0.774241,24.387013,11.243599,0.57549,0.754952,57.111725,25.110913,0.216027,2,5,6,2.039581,67.73521,296,276,0.0133,0.08,1.02288,0.01742,1.32641,1.07711,0.77116
v3,021-4-param_sweep,transplant(move)+persistence(stay),0,65.0,84,32.263949,1.019958,0.513765,22.342058,26.80709,0.376876,0.100655,24.908468,10.48939,0.493053,4,12,7,2.792947,89.273107,283,228,0.0567,0.24,1.21468,0.17459,1.27759,1.05068,0.95076
v3,021-4-param_sweep,transplant(move)+persistence(stay),0,65.0,86,19.069179,2.02198,0.725054,38.836389,19.288805,0.337285,0.159904,35.752551,15.353357,0.472805,3,12,5,7.324626,94.813764,289,247,0.0367,0.1767,1.1069,0.09421,1.32608,0.99833,0.83471
v3,021-4-param_sweep,transplant(move)+persistence(stay),0,65.0,87,21.982729,1.816309,0.951697,40.167547,28.974102,0.42561,0.668639,58.803977,27.685268,0.208498,1,12,8,3.716898,61.185266,293,261,0.0233,0.13,1.03696,0.0305,1.23722,1.05214,0.83813
v3,021-4-param_sweep,transplant(move)+persistence(stay),0,65.0,89,20.31652,0.917524,0.354811,49.446073,14.603968,0.565919,0.199075,56.256364,8.993922,0.480642,2,9,7,3.814511,72.550459,292,260,0.0267,0.1333,1.01709,0.01353,1.23481,1.05092,0.82368
v3,021-4-param_sweep,transplant(move)+persistence(stay),0,65.0,90,25.705472,0.766228,0.809404,32.943084,29.032805,0.356423,0.714372,25.94525,15.949423,0.405487,2,8,5,2.677086,61.91993,285,244,0.05,0.1867,1.07668,0.05287,1.29421,1.0123,0.83193
v3,021-4-param_sweep,transplant(move)+persistence(stay),0,65.0,91,19.415884,0.682323,0.218981,26.263965,27.986282,0.565731,0.330534,35.016129,7.281203,0.196204,3,6,8,4.652137,60.185688,295,270,0.0167,0.1,0.9539,-0.04515,1.27378,0.90702,0.74888
v3,021-4-param_sweep,transplant(move)+persistence(stay),0,65.0,92,15.362636,0.701379,0.0848,14.820581,15.248319,0.219843,0.279611,19.73669,15.280083,0.131091,4,5,5,3.580461,92.958574,290,246,0.0333,0.18,0.98419,-0.01927,1.10245,0.87005,0.89273
v3,021-4-param_sweep,transplant(move)+persistence(stay),0,65.0,94,16.418052,1.040912,0.714215,35.128956,26.145324,0.41783,0.142143,53.688313,18.122475,0.2864,4,3,3,2.74108,89.294285,293,273,0.0233,0.09,0.97268,-0.02973,1.18823,0.99293,0.8186
v3,021-4-param_sweep,transplant(move)+persistence(stay),0,65.0,95,19.312352,1.454287,0.265965,27.306273,12.199853,0.392827,0.241519,31.065387,18.516928,0.483297,1,10,3,2.196597,98.779668,289,244,0.0367,0.1867,1.10378,0.08108,1.38971,0.90288,0.79425
v3,021-4-param_sweep,transplant(move)+persistence(stay),0,65.0,96,16.500389,2.261946,0.739961,40.03642,32.01491,0.692728,0.722006,30.913029,14.182359,0.231503,2,9,7,4.697159,98.680852,286,242,0.0467,0.1933,1.14373,0.11859,1.40032,1.01608,0.81677
v3,021-4-param_sweep,transplant(move)+persistence(stay),0,65.0,99,33.537534,1.332988,0.177888,23.676627,15.043893,0.583251,0.29296,29.208604,16.888156,0.343392,4,12,7,4.176563,65.582696,273,172,0.09,0.4267,1.30336,0.25526,1.24841,1.05122,1.04402
v3,021-4-param_sweep,transplant(move)+persistence(stay),0,65.0,97,21.076944,0.611074,0.750922,44.798687,12.647972,0.411434,0.546917,61.339074,9.173689,0.172239,1,11,8,5.172132,83.142846,295,274,0.0167,0.0867,0.99098,-0.00375,1.33488,1.03601,0.74237
v3,021-4-param_sweep,transplant(move)+persistence(stay),0,65.0,100,20.359613,1.314731,0.206479,12.995176,11.279746,0.28885,0.399219,52.492842,7.578713,0.173292,4,12,4,3.674409,61.654209,294,275,0.02,0.0833,1.01793,0.00978,1.38586,1.03546,0.73451
v3,021-4-param_sweep,transplant(move)+persistence(stay),0,65.0,101,18.745543,1.94358,0.688304,29.727879,25.209529,0.322461,0.461919,22.057362,8.830697,0.13248,4,10,3,3.52062,90.860677,282,220,0.06,0.2667,1.25932,0.21125,1.35812,0.95302,0.92725
v3,021-4-param_sweep,transplant(move)+persistence(stay),0,65.0,102,16.945221,1.724524,0.040368,35.605999,17.588376,0.396199,0.379291,29.936251,15.741631,0.250278,1,7,2,3.562368,90.951445,286,238,0.0467,0.2067,1.15785,0.1257,1.37056,0.93223,0.8448
v3,021-4-param_sweep,transplant(move)+persistence(stay),0,65.0,103,30.711304,1.196101,0.179064,36.002867,16.907785,0.667971,0.42196,47.573996,9.331408,0.272436,1,3,6,4.071893,78.971135,167,150,0.4433,0.5,1.28944,0.25081,1.34604,0.98732,0.95795
v3,021-4-param_sweep,transplant(move)+persistence(stay),0,65.0,105,18.645668,2.111773,0.85785,47.466187,23.147432,0.250389,0.627372,31.030962,9.961008,0.374613,3,6,6,2.765889,85.890881,285,226,0.05,0.2467,1.2057,0.17387,1.35412,1.03527,0.89039
v3,021-4-param_sweep,transplant(move)+persistence(stay),0,65.0,107,35.249406,0.699482,0.644329,40.352624,38.195882,0.193757,0.215374,55.468395,11.559407,0.220663,1,11,7,5.003712,66.659986,136,77,0.5467,0.7433,1.12042,0.13798,1.19817,0.91819,0.93511
v3,021-4-param_sweep,transplant(move)+persistence(stay),0,65.0,109,23.317181,1.398015,0.852014,25.186104,28.24826,0.635101,0.214715,29.183631,24.001397,0.316894,4,6,4,3.876701,65.85017,290,242,0.0333,0.1933,1.13739,0.09318,1.31847,0.93547,0.86266
v3,021-4-param_sweep,transplant(move)+persistence(stay),0,65.0,111,22.38977,0.93861,0.080716,14.438202,42.756382,0.519798,0.674805,34.804524,12.798969,0.223239,2,12,5,6.63041,98.964266,289,250,0.0367,0.1667,1.08389,0.05091,1.2998,0.93995,0.83389
v3,021-4-param_sweep,transplant(move)+persistence(stay),0,65.0,112,21.789846,1.464285,0.312844,32.792293,14.488049,0.652684,0.506865,17.472859,27.929548,0.217906,1,9,7,4.533847,65.391369,276,194,0.08,0.3533,1.0202,0.02589,1.14603,1.02696,0.8902
v3,021-4-param_sweep,transplant(move)+persistence(stay),0,65.0,114,31.005065,1.111666,0.045207,14.782682,13.573626,0.17636,0.669118,18.62804,8.060556,0.252031,1,8,2,3.587231,89.556851,282,215,0.06,0.2833,1.00275,0.00498,1.05802,0.98282,0.94775
v3,021-4-param_sweep,transplant(move)+persistence(stay),0,65.0,116,22.566451,1.002104,0.827246,29.012004,33.423904,0.680551,0.502907,20.838839,9.643102,0.201561,3,4,8,4.420647,99.002497,284,235,0.0533,0.2167,1.08439,0.08103,1.16108,0.93929,0.93395
v3,021-4-param_sweep,transplant(move)+persistence(stay),0,65.0,115,16.760315,1.013747,0.717557,18.616502,21.423171,0.602287,0.736857,46.067554,18.37916,0.165772,3,12,8,2.394612,66.6272,296,275,0.0133,0.0833,0.998,-0.01511,1.45844,1.07345,0.6843
v3,021-4-param_sweep,transplant(move)+persistence(stay),0,65.0,117,24.484845,1.795304,0.584415,45.439058,15.903104,0.281572,0.425444,28.871054,15.4362,0.412559,1,7,2,6.212203,77.94656,120,92,0.6,0.6933,1.45597,0.37899,1.40375,1.01266,1.0372
v3,021-4-param_sweep,transplant(move)+persistence(stay),0,65.0,118,21.664644,0.84198,0.778551,21.475887,11.025988,0.370406,0.587025,28.199833,12.003028,0.377797,1,4,6,5.874836,70.372811,289,245,0.0367,0.1833,1.08727,0.06119,1.2694,0.91675,0.85653
v3,021-4-param_sweep,transplant(move)+persistence(stay),0,65.0,119,33.142939,0.738207,0.079633,39.529875,27.199007,0.281731,0.317731,47.730335,16.664062,0.156221,1,6,3,2.749835,60.847383,138,122,0.54,0.5933,1.21538,0.20828,1.35213,1.00135,0.89887
v3,021-4-param_sweep,transplant(move)+persistence(stay),0,65.0,120,16.542594,0.703055,0.892426,25.849892,18.609639,0.310775,0.693033,16.995398,8.704187,0.180514,1,12,3,5.00388,96.02008,285,213,0.05,0.29,0.87431,-0.14406,1.05197,0.95342,0.83112
v3,021-4-param_sweep,transplant(move)+persistence(stay),0,65.0,121,24.380467,1.103216,0.621911,26.434156,15.401633,0.328088,0.199063,52.608791,15.516694,0.226543,4,4,2,2.118859,94.104792,293,271,0.0233,0.0967,1.00107,0.00097,1.237,1.002,0.80927
v3,021-4-param_sweep,transplant(move)+persistence(stay),0,65.0,123,24.205689,0.682081,0.330008,23.721056,31.955493,0.234219,0.440241,48.766084,9.012131,0.136746,1,6,6,7.404916,74.9139,292,261,0.0267,0.13,0.97206,-0.0249,1.26596,1.04237,0.76784
v3,021-4-param_sweep,transplant(move)+persistence(stay),0,65.0,124,19.84953,0.604523,0.320354,15.282658,17.939422,0.290866,0.226913,21.403139,26.484234,0.169552,3,8,4,3.161826,74.937035,289,248,0.0367,0.1733,1.02616,0.01784,1.2326,0.9223,0.83252
v3,021-4-param_sweep,transplant(move)+persistence(stay),0,65.0,125,27.03337,2.0951,0.601029,30.712702,14.366872,0.648074,0.65498,36.317996,21.374945,0.344928,3,3,2,3.541451,96.85345,286,228,0.0467,0.24,1.28145,0.23703,1.39546,1.01144,0.91829
v3,021-4-param_sweep,transplant(move)+persistence(stay),0,65.0,127,20.99146,1.314361,0.939694,45.270867,21.658114,0.227331,0.542598,20.260567,7.567869,0.444492,1,6,7,4.438408,88.276341,278,211,0.0733,0.2967,1.14426,0.13275,1.15993,1.07363,0.98649
v3,021-4-param_sweep,transplant(move)+persistence(stay),0,65.0,126,18.455237,0.802898,0.282319,28.564748,29.702965,0.480168,0.408721,44.834173,17.915583,0.333345,3,6,6,5.012065,93.167219,296,274,0.0133,0.0867,0.94784,-0.04677,1.29428,1.03205,0.73233
v3,021-4-param_sweep,transplant(move)+persistence(stay),0,65.0,128,19.269293,1.086339,0.290667,47.851157,34.099782,0.69432,0.607058,62.618666,12.330929,0.142377,4,12,5,2.171952,63.169543,282,245,0.06,0.1833,1.01171,0.02312,1.2742,1.15998,0.794
v3,021-4-param_sweep,transplant(move)+persistence(stay),0,65.0,130,29.333233,0.778296,0.000883,43.892697,20.759165,0.176203,0.42587,54.416259,27.234965,0.231025,4,8,6,2.657776,86.037432,242,212,0.1933,0.2933,1.05911,0.04548,1.20603,0.92943,0.87818
v3,021-4-param_sweep,transplant(move)+persistence(stay),0,65.0,132,44.245996,1.47153,0.778244,14.029671,28.589876,0.239466,0.109617,26.394469,18.964217,0.432372,1,4,6,4.559565,89.701191,146,85,0.5133,0.7167,1.73619,0.59025,1.4324,1.16369,1.21209
v3,021-4-param_sweep,transplant(move)+persistence(stay),0,65.0,131,25.334734,2.197195,0.803965,16.053385,33.817682,0.284004,0.144149,52.037236,11.728378,0.155444,3,6,5,2.501399,86.405272,291,264,0.03,0.12,1.00767,-0.00309,1.35133,1.22302,0.74568
v3,021-4-param_sweep,transplant(move)+persistence(stay),0,65.0,134,28.590197,2.041621,0.105775,29.275922,37.623559,0.184477,0.542604,31.729184,18.379372,0.176541,4,8,7,2.105465,94.208249,279,178,0.07,0.4067,1.50029,0.43026,1.37847,1.11115,1.08837
v3,021-4-param_sweep,transplant(move)+persistence(stay),0,65.0,135,28.387343,1.775847,0.936635,26.066443,14.442009,0.31586,0.755416,17.754796,22.841115,0.162628,3,5,6,4.719417,75.254763,281,196,0.0633,0.3467,1.15147,0.15787,1.21793,0.94411,0.94543
v3,021-4-param_sweep,transplant(move)+persistence(stay),0,65.0,136,27.148707,0.903596,0.887876,23.707225,18.238063,0.269636,0.661395,20.480439,8.321426,0.151862,1,5,4,6.041108,83.14329,286,224,0.0467,0.2533,1.11238,0.10846,1.11944,0.96448,0.99369
v3,021-4-param_sweep,transplant(move)+persistence(stay),0,65.0,138,22.647056,1.854322,0.642301,24.316126,31.579466,0.434489,0.618167,57.122108,7.709824,0.179873,4,10,3,5.192954,64.617574,293,267,0.0233,0.11,1.02059,0.02131,1.33883,1.01533,0.7623
v3,021-4-param_sweep,transplant(move)+persistence(stay),0,65.0,141,17.900265,0.67692,0.569039,19.19032,15.824207,0.58909,0.264456,29.429286,19.500409,0.211016,1,12,6,2.770821,65.503447,292,259,0.0267,0.1367,1.00138,-0.00729,1.29255,0.83014,0.77473
v3,021-4-param_sweep,transplant(move)+persistence(stay),0,65.0,144,30.92367,2.298596,0.336436,27.834074,30.341625,0.532619,0.629288,35.590209,17.277678,0.148975,3,9,6,2.538815,69.067678,259,145,0.1367,0.5167,1.51172,0.42865,1.26672,0.99414,1.19342
v3,021-4-param_sweep,transplant(move)+persistence(stay),0,65.0,142,36.188174,0.981513,0.541202,20.381742,24.881381,0.184304,0.246979,46.400389,23.747302,0.219498,4,5,3,2.902768,86.604981,288,252,0.04,0.16,1.06592,0.06427,1.25325,1.0603,0.85053
v3,021-4-param_sweep,transplant(move)+persistence(stay),0,65.0,145,27.290506,1.95026,0.545579,15.495824,32.825737,0.418492,0.286242,51.395693,14.447953,0.172225,3,5,3,2.252305,68.693149,289,256,0.0367,0.1467,1.06381,0.05016,1.26195,1.04706,0.84298
v3,021-4-param_sweep,transplant(move)+persistence(stay),0,65.0,146,36.782824,0.728693,0.423881,22.627183,33.597709,0.174297,0.308645,20.138977,13.386959,0.498071,2,12,4,4.255215,60.444975,285,215,0.05,0.2833,1.11827,0.11995,1.13602,0.96952,0.98437
v3,021-4-param_sweep,transplant(move)+persistence(stay),0,65.0,148,35.258263,0.609452,0.07261,39.149464,16.546821,0.221868,0.228975,26.370402,14.859058,0.354567,2,5,3,2.360401,80.934922,169,115,0.4367,0.6167,1.14693,0.12138,1.21359,0.9833,0.94507
v3,021-4-param_sweep,transplant(move)+persistence(stay),0,65.0,150,21.111049,1.047804,0.974998,28.66321,18.018967,0.616027,0.383459,16.6794,15.038021,0.184276,3,11,8,7.991233,97.925025,282,208,0.06,0.3067,1.02688,0.04724,1.11416,0.92332,0.92166
v3,021-4-param_sweep,transplant(move)+persistence(stay),0,65.0,151,26.087156,1.665811,0.357245,27.319639,37.646697,0.188804,0.518164,63.517438,25.736429,0.138446,3,9,2,4.710354,73.110045,294,266,0.02,0.1133,1.03207,0.02726,1.27265,0.95487,0.81096
v3,021-4-param_sweep,transplant(move)+persistence(stay),0,65.0,155,21.936633,0.712931,0.530418,13.564781,16.091627,0.203777,0.213162,48.860326,19.068392,0.131756,4,9,4,4.480522,87.751965,294,274,0.02,0.0867,0.98544,-0.02192,1.3701,1.08932,0.71924
v3,021-4-param_sweep,transplant(move)+persistence(stay),0,65.0,156,39.290481,0.793135,0.234664,17.37174,41.799134,0.170067,0.317698,58.963597,20.986954,0.187537,4,12,4,6.268271,87.621544,290,254,0.0333,0.1533,1.0001,-0.00432,1.23985,1.0822,0.80663
v3,021-4-param_sweep,transplant(move)+persistence(stay),0,65.0,157,22.036929,2.162857,0.055714,20.961246,32.685692,0.223642,0.472451,21.912856,10.481498,0.34337,3,9,6,2.427091,80.147541,283,207,0.0567,0.31,1.55285,0.45387,1.54951,0.9704,1.00216
v3,021-4-param_sweep,transplant(move)+persistence(stay),0,65.0,160,25.064795,2.099218,0.241069,32.462493,12.908559,0.470814,0.309118,31.873704,14.646689,0.152339,4,4,4,7.322065,60.343319,281,207,0.0633,0.31,1.49263,0.40997,1.36803,0.96086,1.09108
v3,021-4-param_sweep,transplant(move)+persistence(stay),0,65.0,159,27.833395,2.11602,0.905423,36.482006,29.05943,0.672051,0.758644,27.551203,12.100403,0.184465,1,5,2,3.809207,63.040367,263,157,0.1233,0.4767,1.38022,0.3379,1.27253,1.00198,1.08463
v3,021-4-param_sweep,transplant(move)+persistence(stay),0,65.0,161,16.709104,2.14393,0.083793,42.543653,18.180258,0.246154,0.293915,47.637495,7.529445,0.150404,2,12,8,2.625356,86.36033,293,268,0.0233,0.1067,1.07571,0.06386,1.31779,0.98521,0.8163
v3,021-4-param_sweep,transplant(move)+persistence(stay),0,65.0,162,22.324145,1.088979,0.546435,18.022418,22.477252,0.376504,0.567663,23.658664,23.581573,0.20202,4,9,7,2.044011,65.147657,289,242,0.0367,0.1933,1.13519,0.10866,1.36915,0.88441,0.82912
v3,021-4-param_sweep,transplant(move)+persistence(stay),0,65.0,163,24.190303,0.843967,0.974071,38.295707,15.193986,0.278861,0.554427,31.747293,23.225156,0.305044,2,5,4,3.690438,61.911413,289,257,0.0367,0.1433,1.05805,0.04489,1.26668,1.01529,0.83529
v3,021-4-param_sweep,transplant(move)+persistence(stay),0,65.0,167,28.099387,1.034724,0.572537,45.846775,19.57994,0.434717,0.364895,30.046935,10.114454,0.327611,3,7,6,5.544465,68.432042,153,110,0.49,0.6333,1.08214,0.05226,1.2917,0.9811,0.83776
v3,021-4-param_sweep,transplant(move)+persistence(stay),0,65.0,166,35.696183,1.326364,0.644116,17.862271,33.734735,0.4062,0.674058,39.729824,15.029777,0.142531,3,3,6,4.242141,64.637064,289,241,0.0367,0.1967,1.13765,0.11989,1.21237,0.96762,0.93837
v3,021-4-param_sweep,transplant(move)+persistence(stay),0,65.0,168,30.435912,1.016879,0.087919,37.910275,21.80035,0.51562,0.535054,47.246832,14.794341,0.130987,1,8,3,2.27943,64.544438,165,157,0.45,0.4767,1.29065,0.25982,1.30742,0.98291,0.98717
v3,021-4-param_sweep,transplant(move)+persistence(stay),0,65.0,171,27.204324,1.368147,0.611478,15.75297,12.860372,0.358532,0.325335,16.898158,17.568683,0.309848,3,7,4,2.758194,71.356978,282,209,0.06,0.3033,1.02142,0.00733,1.13378,0.9811,0.9009
v3,021-4-param_sweep,transplant(move)+persistence(stay),0,65.0,172,27.908227,0.696185,0.258205,47.049329,16.858977,0.398042,0.14021,61.43496,12.086772,0.14521,3,7,7,4.320453,73.914347,274,222,0.0867,0.26,1.01815,0.01281,1.21197,0.95321,0.84008
v3,021-4-param_sweep,transplant(move)+persistence(stay),0,65.0,174,28.323736,1.235217,0.75835,21.076397,43.308673,0.443044,0.496146,20.311632,11.671299,0.270721,3,7,7,3.414567,82.555877,285,220,0.05,0.2667,1.14291,0.14983,1.23195,0.9266,0.92772
v3,021-4-param_sweep,transplant(move)+persistence(stay),0,65.0,176,50.337777,0.61538,0.753884,14.504889,27.36379,0.330472,0.430643,20.308987,8.77538,0.217755,3,12,8,5.309934,83.775297,238,159,0.2067,0.47,1.02963,0.04528,1.04887,0.9563,0.98166
v3,021-4-param_sweep,transplant(move)+persistence(stay),0,65.0,177,18.652769,0.692272,0.624435,31.649884,38.808369,0.644051,0.172976,31.755221,13.672762,0.376818,1,3,4,3.311385,61.043881,292,259,0.0267,0.1367,0.99876,-0.01186,1.27575,0.89673,0.78287
v3,021-4-param_sweep,transplant(move)+persistence(stay),0,65.0,182,28.639237,0.738794,0.637202,46.685538,27.086594,0.264883,0.343165,25.074949,10.382818,0.43891,1,6,2,2.569813,70.092899,199,123,0.3367,0.59,1.14986,0.13387,1.2095,1.03005,0.9507
v3,021-4-param_sweep,transplant(move)+persistence(stay),0,65.0,183,15.139482,1.397627,0.451671,39.237133,15.548594,0.574252,0.757975,28.239565,16.713762,0.446079,2,6,6,2.280303,71.303672,289,251,0.0367,0.1633,1.05342,0.04413,1.32574,0.90899,0.79459
v3,021-4-param_sweep,transplant(move)+persistence(stay),0,65.0,184,15.112166,1.184886,0.914365,21.156909,41.126805,0.250178,0.226999,33.907079,24.686857,0.362174,1,6,7,2.428157,95.67565,292,264,0.0267,0.12,0.98013,-0.02026,1.37859,0.79428,0.71096
v3,021-4-param_sweep,transplant(move)+persistence(stay),0,65.0,186,39.212004,1.838126,0.141205,13.639438,35.528947,0.378129,0.192493,30.948329,14.725824,0.290345,4,7,3,6.221731,96.504116,228,87,0.24,0.71,1.70397,0.58318,1.42504,1.09836,1.19574
v3,021-4-param_sweep,transplant(move)+persistence(stay),0,65.0,188,32.99929,1.28591,0.182077,22.225075,19.166404,0.332539,0.355034,19.458661,7.412897,0.184878,3,6,4,4.603071,70.199812,275,184,0.0833,0.3867,1.11436,0.11075,1.069,0.9886,1.04243
v3,021-4-param_sweep,transplant(move)+persistence(stay),0,65.0,189,38.756818,0.718464,0.268153,27.875274,16.765921,0.39037,0.451709,20.876139,11.118267,0.440864,2,7,5,5.737242,63.905063,245,160,0.1833,0.4667,1.13593,0.12992,1.07991,1.0168,1.05187
v3,021-4-param_sweep,transplant(move)+persistence(stay),0,65.0,194,23.371512,1.043461,0.362968,30.706516,12.819807,0.611929,0.596934,17.153188,17.58762,0.318398,4,5,8,5.443341,67.550241,281,213,0.0633,0.29,0.9691,-0.01863,1.13208,0.96045,0.85604
v3,021-4-param_sweep,transplant(move)+persistence(stay),0,65.0,192,25.755905,0.761266,0.375954,38.910756,14.962381,0.20137,0.353291,22.646755,9.273997,0.143014,4,12,4,3.187796,66.235126,285,236,0.05,0.2133,1.08113,0.06633,1.18486,1.04846,0.91246
v3,021-4-param_sweep,transplant(move)+persistence(stay),0,65.0,193,32.367689,1.038521,0.743881,21.836243,18.722195,0.581904,0.618436,23.69081,21.072011,0.308934,2,8,4,2.157497,72.724816,287,234,0.0433,0.22,1.16031,0.13599,1.30782,0.97418,0.88721
v3,021-4-param_sweep,transplant(move)+persistence(stay),0,65.0,197,32.331784,0.728785,0.876689,24.111446,12.066303,0.197412,0.746198,19.285022,9.138484,0.420095,2,3,8,4.908712,92.928157,285,231,0.05,0.23,0.99924,0.00182,1.07465,0.92475,0.92983
v3,021-4-param_sweep,transplant(move)+persistence(stay),0,65.0,196,15.408274,1.83289,0.691072,38.085697,34.146772,0.272025,0.26353,42.750602,7.564478,0.150021,1,4,7,2.079204,70.76273,292,260,0.0267,0.1333,0.97415,-0.00378,1.20534,1.12381,0.80819
v3,021-4-param_sweep,transplant(move)+persistence(stay),0,65.0,198,27.709066,1.664184,0.066576,16.10589,18.673354,0.170088,0.190379,25.936232,10.958826,0.462172,2,4,5,5.624616,63.384412,285,222,0.05,0.26,1.41224,0.346,1.46116,0.85762,0.96652
v3,021-4-param_sweep,transplant(move)+persistence(stay),0,65.0,199,27.467866,1.901458,0.214233,23.56972,13.281844,0.635617,0.654841,51.522451,11.667563,0.152382,1,6,2,7.372213,90.195736,293,238,0.0233,0.2067,1.28288,0.23472,1.37008,1.00219,0.93636
v3,021-4-param_sweep,transplant(move)+persistence(stay),0,65.0,200,40.45993,1.37661,0.693871,15.547339,41.656397,0.248917,0.604012,51.882829,27.155897,0.419701,2,10,4,7.96391,81.542989,286,227,0.0467,0.2433,1.15666,0.13734,1.33512,1.11545,0.86634
v3,021-4-param_sweep,transplant(move)+persistence(stay),0,65.0,201,29.483675,1.165311,0.064576,19.190147,41.40994,0.542456,0.294249,21.856393,16.711348,0.451356,1,9,3,7.616609,88.005999,278,206,0.0733,0.3133,1.27972,0.24265,1.41093,1.09701,0.907
v3,021-4-param_sweep,transplant(move)+persistence(stay),0,65.0,202,15.585262,0.859337,0.063795,21.397842,21.728947,0.189689,0.578393,63.853875,23.895113,0.263328,1,7,6,5.890301,90.100993,298,278,0.0067,0.0733,0.99833,-0.00501,1.51323,1.10118,0.65973
v3,021-4-param_sweep,transplant(move)+persistence(stay),0,65.0,203,15.165055,1.703548,0.9262,22.053374,12.871351,0.40855,0.694686,60.6941,15.616036,0.199129,4,4,5,3.926517,84.292088,294,273,0.02,0.09,1.05154,0.03451,1.36942,1.04629,0.76787
v3,021-4-param_sweep,transplant(move)+persistence(stay),0,65.0,205,28.740594,0.887021,0.38282,46.434375,13.143546,0.209953,0.685114,28.590453,8.39546,0.17884,4,5,6,4.847692,66.384078,137,92,0.5433,0.6933,1.09302,0.06226,1.19143,1.069,0.91739
v3,021-4-param_sweep,transplant(move)+persistence(stay),0,65.0,204,17.741328,0.981056,0.373859,15.752102,13.640385,0.241261,0.24101,24.030913,18.006099,0.145178,4,4,3,3.280853,61.563864,289,250,0.0367,0.1667,1.0626,0.04247,1.29408,0.7985,0.82112
v3,021-4-param_sweep,transplant(move)+persistence(stay),0,65.0,206,17.041932,1.222062,0.291261,21.420973,11.838326,0.492718,0.609372,24.250503,10.23854,0.225916,2,4,8,4.312872,63.346637,286,243,0.0467,0.19,1.09212,0.0646,1.24077,0.83171,0.8802
v3,021-4-param_sweep,transplant(move)+persistence(stay),0,65.0,207,38.547628,1.288104,0.645695,14.478002,19.934012,0.313296,0.383283,20.100833,15.015159,0.165811,1,8,5,2.584483,99.143152,280,208,0.0667,0.3067,1.16291,0.18783,1.12981,1.04297,1.0293
v3,021-4-param_sweep,transplant(move)+persistence(stay),0,65.0,208,23.747514,1.188287,0.004409,12.892329,21.502997,0.579218,0.104487,56.556329,17.26802,0.388174,4,8,3,3.105019,66.81396,294,274,0.02,0.0867,1.01747,0.00116,1.34346,1.06872,0.75736
v3,021-4-param_sweep,transplant(move)+persistence(stay),0,65.0,209,41.216312,1.04524,0.376391,19.676326,19.515049,0.537188,0.147782,29.266411,22.220291,0.472291,4,7,6,3.047592,78.826159,166,126,0.4467,0.58,1.26372,0.22419,1.22408,1.15388,1.03239
v3,021-4-param_sweep,transplant(move)+persistence(stay),0,65.0,212,35.261692,1.906298,0.686657,27.839008,39.653251,0.184366,0.396783,37.247631,11.725898,0.342909,3,8,6,6.838902,97.070835,85,,0.7167,,1.44779,0.36088,,1.11144,
v3,021-4-param_sweep,transplant(move)+persistence(stay),0,65.0,211,33.310136,2.313857,0.26697,23.521652,37.543102,0.299372,0.652781,63.156642,8.680512,0.210903,2,5,6,4.912046,65.954395,274,187,0.0867,0.3767,1.09516,0.08649,1.06686,0.93221,1.02652
v3,021-4-param_sweep,transplant(move)+persistence(stay),0,65.0,210,19.976796,2.26587,0.535645,26.717627,39.343048,0.589177,0.477217,52.611063,21.635986,0.220873,3,5,5,4.75752,80.259225,294,272,0.02,0.0933,1.01933,0.01007,1.28659,1.02598,0.79227
v3,021-4-param_sweep,transplant(move)+persistence(stay),0,65.0,213,16.137619,0.922612,0.32431,14.289954,20.947175,0.362737,0.638365,56.281692,8.775831,0.281933,3,7,7,3.376861,96.618146,296,276,0.0133,0.08,1.0005,-0.00658,1.42577,1.13814,0.70172
v3,021-4-param_sweep,transplant(move)+persistence(stay),0,65.0,214,26.931662,1.556998,0.7125,15.191224,25.44913,0.239629,0.628689,29.51289,20.71089,0.170844,2,7,3,5.86659,77.480274,287,235,0.0433,0.2167,1.27727,0.23752,1.42632,0.93241,0.8955
v3,021-4-param_sweep,transplant(move)+persistence(stay),0,65.0,215,34.550856,0.670494,0.776014,18.003291,30.462208,0.631253,0.664128,16.788908,15.330887,0.141328,2,4,6,7.665518,67.362505,280,218,0.0667,0.2733,0.94982,-0.02402,1.08623,0.9266,0.87442
v3,021-4-param_sweep,transplant(move)+persistence(stay),0,65.0,216,25.118738,1.097882,0.138927,29.50839,29.8315,0.554854,0.401287,25.366756,11.301376,0.321957,1,8,3,3.306662,71.536826,284,230,0.0533,0.2333,1.18566,0.16059,1.32803,0.99274,0.89279
v3,021-4-param_sweep,transplant(move)+persistence(stay),0,65.0,217,26.118529,1.385467,0.074997,14.665109,21.87287,0.285695,0.724424,35.259093,13.747157,0.226695,4,4,4,4.953671,91.186807,289,246,0.0367,0.18,1.16817,0.11722,1.39219,0.9156,0.83909
v3,021-4-param_sweep,transplant(move)+persistence(stay),0,65.0,218,38.225476,1.891289,0.4785,17.457368,37.391494,0.273338,0.520746,19.171286,9.802777,0.161535,1,8,5,3.447391,67.942473,121,73,0.5967,0.7567,1.37019,0.3516,1.19371,1.18967,1.14783
v3,021-4-param_sweep,transplant(move)+persistence(stay),0,65.0,219,24.837764,1.860866,0.502115,29.478992,33.412339,0.594284,0.18743,16.45719,21.28863,0.186792,3,4,3,4.814715,64.387482,278,194,0.0733,0.3533,1.0036,-0.00025,1.125,1.01472,0.89209
v3,021-4-param_sweep,transplant(move)+persistence(stay),0,65.0,220,19.453766,0.635797,0.819861,38.988208,34.554285,0.386792,0.104008,42.827935,8.950922,0.139084,4,5,5,2.970062,74.524894,293,271,0.0233,0.0967,0.96591,-0.03067,1.22865,1.0719,0.78616
v3,021-4-param_sweep,transplant(move)+persistence(stay),0,65.0,222,16.730514,0.900403,0.335001,46.483447,29.301614,0.539492,0.650327,18.032308,14.541953,0.283839,2,6,3,2.205292,88.133816,279,227,0.07,0.2433,1.07744,0.06685,1.19151,1.03947,0.90426
v3,021-4-param_sweep,transplant(move)+persistence(stay),0,65.0,221,20.958009,0.783821,0.654429,22.527028,26.406979,0.195395,0.388119,59.343292,9.86772,0.348627,2,10,7,2.443938,61.00792,297,276,0.01,0.08,0.98507,-0.01975,1.3865,1.31696,0.71048
v3,021-4-param_sweep,transplant(move)+persistence(stay),0,65.0,223,24.480757,2.138146,0.924064,32.273929,33.516138,0.652563,0.326059,62.94526,26.03635,0.167719,1,10,6,2.574321,80.771033,294,261,0.02,0.13,0.98826,-0.00935,1.2107,1.15197,0.81627
v3,021-4-param_sweep,transplant(move)+persistence(stay),0,65.0,224,40.373222,0.744367,0.555935,22.304244,17.173105,0.266551,0.222667,17.459875,7.764061,0.138785,1,11,6,2.361746,88.614333,274,200,0.0867,0.3333,0.96426,-0.02822,1.00751,0.9617,0.95707
v3,021-4-param_sweep,transplant(move)+persistence(stay),0,65.0,225,26.316365,0.72914,0.240713,23.901094,20.665511,0.181784,0.49612,19.927541,9.560847,0.165045,2,12,4,6.157476,80.126753,282,224,0.06,0.2533,1.03426,0.03267,1.08944,0.98028,0.94934
v3,021-4-param_sweep,transplant(move)+persistence(stay),0,65.0,226,25.21877,1.556077,0.560619,15.355404,11.744099,0.251333,0.622582,42.734443,11.453071,0.349846,4,10,8,2.069871,84.495939,290,260,0.0333,0.1333,1.09204,0.06771,1.42453,0.98061,0.76659
v3,021-4-param_sweep,transplant(move)+persistence(stay),0,65.0,227,17.847353,1.142943,0.061627,17.726842,16.217602,0.316829,0.173544,41.009012,13.80019,0.436628,4,4,7,4.594891,92.244471,293,272,0.0233,0.0933,0.9688,-0.0389,1.36065,0.91535,0.71201
v3,021-4-param_sweep,transplant(move)+persistence(stay),0,65.0,228,43.940016,0.942921,0.694496,28.680367,11.454593,0.186056,0.593369,16.320691,8.613239,0.419088,4,12,7,3.315498,69.38607,79,,0.7367,,0.94198,-0.02902,,0.89734,
v3,021-4-param_sweep,transplant(move)+persistence(stay),0,65.0,230,19.694036,0.741046,0.861168,19.579332,12.988019,0.425293,0.548605,42.811045,16.29417,0.427576,3,7,3,7.136876,94.623136,296,271,0.0133,0.0967,0.97952,-0.02285,1.26736,0.92124,0.77288
v3,021-4-param_sweep,transplant(move)+persistence(stay),0,65.0,229,16.885809,1.195627,0.389181,23.230174,18.738232,0.483422,0.571988,51.31704,19.175374,0.149383,4,3,6,2.461493,89.64175,294,273,0.02,0.09,0.9921,-0.01751,1.33821,0.99057,0.74136
v3,021-4-param_sweep,transplant(move)+persistence(stay),0,65.0,231,15.509787,1.85205,0.50062,21.405052,12.588292,0.621995,0.196204,44.931879,10.756592,0.143058,3,5,2,2.997497,76.578772,296,272,0.0133,0.0933,0.98716,-0.02487,1.42743,0.90535,0.69156
v3,021-4-param_sweep,transplant(move)+persistence(stay),0,65.0,234,31.033483,0.748302,0.838903,28.105893,13.473827,0.537526,0.443687,54.718496,10.571355,0.396431,2,12,6,2.81022,66.777056,295,276,0.0167,0.08,0.98275,-0.01427,1.36139,1.17722,0.72188
v3,021-4-param_sweep,transplant(move)+persistence(stay),0,65.0,236,20.983969,2.245284,0.221958,46.328986,29.431135,0.193926,0.578207,36.61494,17.886315,0.356594,2,5,6,2.855822,97.940694,252,180,0.16,0.4,1.22636,0.19449,1.29703,1.06159,0.94551
v3,021-4-param_sweep,transplant(move)+persistence(stay),0,65.0,239,28.523491,2.191313,0.265637,36.330444,25.623633,0.190557,0.219052,42.755396,9.308259,0.349865,2,5,8,2.23166,73.172494,122,65,0.5933,0.7833,1.34906,0.3043,1.1096,1.0135,1.21581
v3,021-4-param_sweep,transplant(move)+persistence(stay),0,65.0,240,16.277423,1.207639,0.129408,13.156998,24.786377,0.37045,0.417827,36.357652,11.532809,0.389335,4,10,4,7.451449,86.623291,293,270,0.0233,0.1,1.01022,0.00011,1.29597,0.88491,0.77951
v3,021-4-param_sweep,transplant(move)+persistence(stay),0,65.0,238,18.837644,2.043749,0.150979,30.362558,20.48361,0.677161,0.208612,24.605276,15.772267,0.300705,4,3,3,4.165937,79.089801,283,225,0.0567,0.25,1.32666,0.27837,1.40802,0.87562,0.94222
v3,021-4-param_sweep,transplant(move)+persistence(stay),0,65.0,237,29.570462,1.406804,0.382984,23.361234,31.985575,0.351304,0.256981,62.25117,10.651132,0.41408,3,8,2,2.927508,83.800674,295,264,0.0167,0.12,1.04218,0.03465,1.31507,1.01558,0.79249
v3,021-4-param_sweep,transplant(move)+persistence(stay),0,65.0,241,28.43112,0.966452,0.192128,13.093292,11.469478,0.466257,0.596445,55.100386,13.762257,0.372975,1,10,3,4.742954,77.200357,293,257,0.0233,0.1433,1.03946,0.03155,1.38831,1.08969,0.74873
v3,021-4-param_sweep,transplant(move)+persistence(stay),0,65.0,244,42.657587,1.941007,0.948807,15.005007,23.785616,0.455138,0.414213,33.225172,10.608039,0.133417,3,4,4,5.564412,77.558501,147,66,0.51,0.78,1.69401,0.5709,1.3917,1.10476,1.21722
v3,021-4-param_sweep,transplant(move)+persistence(stay),0,65.0,243,28.31887,0.978108,0.731803,30.769108,31.4441,0.215851,0.230787,30.161705,8.027435,0.167163,3,4,2,6.845538,85.183854,288,237,0.04,0.21,1.08274,0.0668,1.19729,0.99852,0.90432
v3,021-4-param_sweep,transplant(move)+persistence(stay),0,65.0,245,28.94542,0.633306,0.651586,26.393076,18.685785,0.208331,0.154129,58.045962,27.621622,0.292232,3,9,7,5.749802,84.141897,295,273,0.0167,0.09,0.97513,-0.03419,1.3354,1.14999,0.73021
v3,021-4-param_sweep,transplant(move)+persistence(stay),0,65.0,246,21.367657,1.090603,0.949428,19.758914,21.38099,0.217834,0.734822,27.292641,7.157707,0.167697,2,7,6,2.352872,95.710794,287,249,0.0433,0.17,1.08365,0.0557,1.29878,0.86436,0.83437
v3,021-4-param_sweep,transplant(move)+persistence(stay),0,65.0,247,22.613079,2.07262,0.89968,43.524489,12.234781,0.419873,0.747245,61.572262,7.458128,0.451289,1,7,3,2.959509,73.678296,289,240,0.0367,0.2,1.07556,0.07178,1.2829,0.87407,0.83838
v3,021-4-param_sweep,transplant(move)+persistence(stay),0,65.0,248,16.105342,1.179717,0.454937,15.885698,17.153294,0.629569,0.540027,52.050891,20.329594,0.181479,4,6,8,5.172341,74.579567,294,274,0.02,0.0867,0.99843,-0.00667,1.35566,0.97037,0.73649
v3,021-4-param_sweep,transplant(move)+persistence(stay),0,65.0,249,32.679575,0.700966,0.440696,15.451536,27.320584,0.258093,0.184758,17.453922,13.684978,0.170282,3,7,7,3.195173,60.054079,286,225,0.0467,0.25,0.91991,-0.07248,1.06891,0.94068,0.86061
v3,021-4-param_sweep,transplant(move)+persistence(stay),0,65.0,251,27.903665,1.139252,0.674948,19.46662,24.948001,0.554692,0.277514,18.981297,16.983891,0.173842,4,9,7,2.892225,64.951737,283,220,0.0567,0.2667,1.13094,0.13075,1.21588,0.95568,0.93015
v3,021-4-param_sweep,transplant(move)+persistence(stay),0,65.0,252,23.935813,0.907062,0.037471,49.333844,19.342088,0.438847,0.328553,41.04653,25.384749,0.416714,3,3,5,4.944002,98.926622,238,216,0.2067,0.28,1.10936,0.08782,1.25113,0.97341,0.88668
v3,021-4-param_sweep,transplant(move)+persistence(stay),0,65.0,253,49.016308,0.642395,0.924897,12.567301,41.961355,0.428463,0.172744,19.302408,10.451721,0.38384,4,7,6,2.193672,89.079364,282,196,0.06,0.3467,0.91334,-0.07192,1.04729,0.95391,0.8721
v3,021-4-param_sweep,transplant(move)+persistence(stay),0,65.0,254,21.772338,0.834345,0.580126,21.284807,21.184794,0.36413,0.537633,32.917093,19.917295,0.193678,3,11,4,2.72507,77.041886,292,261,0.0267,0.13,0.9972,-0.00792,1.31351,0.90246,0.75919
v3,021-4-param_sweep,transplant(move)+persistence(stay),0,65.0,255,18.946557,1.664506,0.667519,27.619981,15.845939,0.174284,0.189597,19.022338,23.863704,0.457787,1,6,5,7.013865,82.883935,283,206,0.0567,0.3133,1.09656,0.10652,1.25293,1.00322,0.8752
v3,021-4-param_sweep,transplant(move)+persistence(stay),0,65.0,257,29.738593,0.715843,0.520661,13.561486,17.506811,0.501329,0.450926,19.493764,8.735283,0.384769,1,12,2,2.529534,97.371761,290,236,0.0333,0.2133,1.15041,0.14178,1.18361,0.94064,0.97195
v3,021-4-param_sweep,transplant(move)+persistence(stay),0,65.0,259,17.786581,0.978676,0.177095,17.17857,22.11861,0.268233,0.548423,30.897348,8.44543,0.392281,2,4,4,2.39539,71.071865,290,260,0.0333,0.1333,0.99736,-0.0132,1.34507,0.87154,0.7415
v3,021-4-param_sweep,transplant(move)+persistence(stay),0,65.0,260,27.706252,0.649376,0.122255,24.267092,11.575809,0.438227,0.434288,24.840844,8.002054,0.351778,3,11,7,3.534342,65.689382,290,240,0.0333,0.2,1.09689,0.07645,1.25065,0.98042,0.87706
v3,021-4-param_sweep,transplant(move)+persistence(stay),0,65.0,261,30.325537,1.49508,0.036407,14.553614,11.372698,0.243263,0.453151,28.941085,27.771699,0.348064,3,7,2,7.186053,77.31119,280,212,0.0667,0.2933,1.34142,0.28808,1.45729,0.9455,0.92049
v3,021-4-param_sweep,transplant(move)+persistence(stay),0,65.0,262,16.908459,0.771585,0.733665,49.731844,15.288781,0.437776,0.26207,57.917338,14.52587,0.174921,4,7,3,2.235314,95.000089,290,266,0.0333,0.1133,1.01315,0.00993,1.26301,1.0379,0.80217
v3,021-4-param_sweep,transplant(move)+persistence(stay),0,65.0,263,34.132531,0.843667,0.160045,19.405856,20.787629,0.669995,0.429841,22.960905,16.23687,0.383181,1,9,6,5.79279,93.174293,281,216,0.0633,0.28,1.26331,0.23514,1.3621,1.05484,0.92747
v3,021-4-param_sweep,transplant(move)+persistence(stay),0,65.0,264,27.732993,0.642293,0.910996,17.388405,29.974093,0.657299,0.455176,30.698415,15.288326,0.247085,1,8,4,6.177244,80.415493,288,238,0.04,0.2067,1.17495,0.14381,1.32299,0.99952,0.8881
v3,021-4-param_sweep,transplant(move)+persistence(stay),0,65.0,265,19.820713,1.177689,0.593174,13.970494,24.184028,0.220844,0.384377,47.679536,7.137213,0.234755,4,4,6,5.857348,77.964289,294,274,0.02,0.0867,0.98545,-0.02052,1.34814,0.93494,0.73097
v3,021-4-param_sweep,transplant(move)+persistence(stay),0,65.0,266,22.42891,0.608381,0.790885,46.230239,35.208922,0.244258,0.411542,38.154406,8.390066,0.142961,3,6,2,2.594761,92.299237,293,265,0.0233,0.1167,1.02588,0.02881,1.19792,1.01609,0.85638
v3,021-4-param_sweep,transplant(move)+persistence(stay),0,65.0,267,31.369201,1.769955,0.544963,15.851854,22.21824,0.687358,0.124548,16.365331,24.06424,0.380627,3,5,6,2.185585,65.152843,283,202,0.0567,0.3267,1.03636,0.03132,1.09605,0.94918,0.94554
v3,021-4-param_sweep,transplant(move)+persistence(stay),0,65.0,268,26.769893,1.639747,0.573787,17.934856,18.819093,0.210185,0.265303,30.289912,25.096318,0.210609,4,11,2,7.118986,92.810839,286,230,0.0467,0.2333,1.27997,0.23021,1.42441,0.97005,0.8986
v3,021-4-param_sweep,transplant(move)+persistence(stay),0,65.0,270,31.633671,0.89865,0.438498,20.095943,25.983792,0.222548,0.130948,46.184388,11.146014,0.42632,3,10,6,5.682007,78.543018,290,262,0.0333,0.1267,1.02583,0.01852,1.35991,1.09448,0.75434
v3,021-4-param_sweep,transplant(move)+persistence(stay),0,65.0,271,28.088779,0.604656,0.552187,37.510751,26.344218,0.287698,0.758438,22.636936,13.023243,0.223426,2,6,8,6.184476,70.839862,284,229,0.0533,0.2367,1.07504,0.05526,1.13954,1.09193,0.94339
v3,021-4-param_sweep,transplant(move)+persistence(stay),0,65.0,274,19.055428,1.790233,0.25476,15.149693,29.09807,0.54798,0.665267,23.35251,18.197632,0.484702,2,4,2,7.648498,62.252534,283,225,0.0567,0.25,1.31759,0.25892,1.41466,0.91533,0.93138
v3,021-4-param_sweep,transplant(move)+persistence(stay),0,65.0,276,28.968665,0.724065,0.237888,37.720379,11.020114,0.673977,0.742503,24.121148,8.250686,0.366047,2,8,3,4.210059,95.043027,284,221,0.0533,0.2633,1.10284,0.07708,1.17025,1.00618,0.9424
v3,021-4-param_sweep,transplant(move)+persistence(stay),0,65.0,277,46.740012,1.043774,0.611963,15.30474,20.991195,0.634669,0.401381,48.480945,13.105367,0.213377,1,12,8,3.57547,97.911499,151,100,0.4967,0.6667,1.18655,0.12901,1.18817,1.12613,0.99864
v3,021-4-param_sweep,transplant(move)+persistence(stay),0,65.0,275,18.993671,2.294101,0.059334,41.277162,19.720703,0.492503,0.481538,38.857219,26.78353,0.126856,2,9,3,2.075717,68.62872,284,241,0.0533,0.1967,1.15721,0.13218,1.29436,0.9555,0.89404
v3,021-4-param_sweep,transplant(move)+persistence(stay),0,65.0,278,17.062194,1.060941,0.650272,23.047129,33.069835,0.50499,0.624534,17.167533,9.648381,0.415972,2,9,2,2.504077,81.245834,280,220,0.0667,0.2667,1.05723,0.054,1.13518,0.99004,0.93133
v3,021-4-param_sweep,transplant(move)+persistence(stay),0,65.0,279,30.393069,0.617266,0.686741,41.493262,16.435568,0.59792,0.670638,27.981887,26.398037,0.217978,1,6,2,4.404203,73.334657,286,233,0.0467,0.2233,1.13101,0.10764,1.24896,1.09841,0.90556
v3,021-4-param_sweep,transplant(move)+persistence(stay),0,65.0,282,33.383183,1.816783,0.192256,29.776332,21.176503,0.26877,0.730742,37.083897,19.546956,0.214936,2,5,5,3.860648,65.282816,66,60,0.78,0.8,1.41075,0.33876,1.16705,1.14493,1.20881
v3,021-4-param_sweep,transplant(move)+persistence(stay),0,65.0,281,29.107909,0.689465,0.106515,13.569456,15.293648,0.402777,0.382225,49.910513,23.319129,0.266831,3,12,8,7.446659,98.075861,294,270,0.02,0.1,1.07539,0.05466,1.33834,1.02854,0.80352
v3,021-4-param_sweep,transplant(move)+persistence(stay),0,65.0,284,18.539818,1.35567,0.59696,26.586087,23.192529,0.550378,0.187799,17.694482,26.583601,0.197965,4,11,2,3.265162,67.561564,284,216,0.0533,0.28,0.99758,-0.00407,1.1173,1.01747,0.89284
v3,021-4-param_sweep,transplant(move)+persistence(stay),0,65.0,290,45.318145,1.053816,0.437992,18.800517,23.990643,0.69766,0.660019,16.52193,15.496563,0.283613,2,5,3,5.930076,94.773927,69,,0.77,,0.8999,-0.06775,,0.92694,
v3,021-4-param_sweep,transplant(move)+persistence(stay),0,65.0,288,43.933155,0.818941,0.422541,14.334204,16.205077,0.662732,0.527957,32.296343,7.98573,0.260442,2,9,6,2.764332,95.339499,269,203,0.1033,0.3233,1.19211,0.16235,1.25509,1.07272,0.94982
v3,021-4-param_sweep,transplant(move)+persistence(stay),0,65.0,289,24.897454,1.361968,0.398349,12.692417,11.577132,0.285089,0.381813,50.786159,10.71198,0.299163,4,11,4,2.398456,65.270264,293,268,0.0233,0.1067,0.9832,-0.0271,1.36886,0.97691,0.71827
v3,021-4-param_sweep,transplant(move)+persistence(stay),0,65.0,291,25.700327,0.911476,0.771652,35.298806,43.513988,0.219197,0.419082,42.907289,20.652147,0.400172,3,12,5,4.654818,91.363349,294,261,0.02,0.13,0.99445,-0.01052,1.28824,1.05796,0.77194
v3,021-4-param_sweep,transplant(move)+persistence(stay),0,65.0,293,30.683417,1.619091,0.746083,28.825685,13.46288,0.246927,0.220991,22.514164,26.294714,0.156988,1,10,7,2.548535,66.281234,285,203,0.05,0.3233,1.34276,0.28282,1.27975,1.10455,1.04923
v3,021-4-param_sweep,transplant(move)+persistence(stay),0,65.0,292,16.516572,0.829032,0.971351,34.036676,17.137676,0.417377,0.499967,35.912302,19.557753,0.442907,3,7,6,5.12518,79.442406,295,270,0.0167,0.1,0.96088,-0.038,1.26687,0.93183,0.75846
v3,021-4-param_sweep,transplant(move)+persistence(stay),0,65.0,295,40.156666,1.488053,0.130793,13.384998,11.236278,0.500594,0.687967,47.722458,20.950017,0.272741,4,4,6,4.16772,75.21658,241,147,0.1967,0.51,1.24891,0.20973,1.19982,0.96956,1.04091
v3,021-4-param_sweep,transplant(move)+persistence(stay),0,65.0,297,28.978687,1.790287,0.041728,36.137876,11.446213,0.237759,0.284075,18.363775,9.053423,0.344594,4,8,8,6.966214,92.499427,86,,0.7133,,1.08076,0.05003,,0.97104,
v3,021-4-param_sweep,transplant(move)+persistence(stay),0,65.0,298,49.523954,1.081021,0.736301,12.677625,36.122312,0.693051,0.745016,44.988532,8.73064,0.127596,3,10,7,4.5257,96.31829,122,81,0.5933,0.73,1.2325,0.19779,1.16442,1.20579,1.05847
v3,021-4-param_sweep,transplant(move)+persistence(stay),0,65.0,299,18.2456,1.55492,0.811151,28.268788,34.877325,0.553843,0.375568,18.552634,15.861474,0.260009,2,3,2,4.562935,91.615227,286,220,0.0467,0.2667,1.03007,0.04019,1.1423,0.94867,0.90175
v3,021-4-param_sweep,transplant(move)+persistence(stay),0,65.0,300,21.714569,1.527379,0.324538,13.861534,15.83996,0.270445,0.124846,61.132192,11.858476,0.200094,1,5,2,4.166343,70.027438,297,272,0.01,0.0933,1.01348,-0.00523,1.3953,1.13686,0.72635
v3,021-4-param_sweep,transplant(move)+persistence(stay),0,65.0,303,35.698509,2.259163,0.082376,18.90296,31.532733,0.381955,0.240923,23.473645,13.483139,0.341671,3,8,6,2.395331,60.520818,247,94,0.1767,0.6867,2.33336,1.00253,1.81477,1.08986,1.28576
v3,021-4-param_sweep,transplant(move)+persistence(stay),0,65.0,306,35.096716,1.134635,0.787152,40.492816,29.931143,0.194646,0.394793,32.193046,22.691685,0.200584,3,12,6,2.110927,95.724838,70,,0.7667,,1.39357,0.31061,,1.24378,
v3,021-4-param_sweep,transplant(move)+persistence(stay),0,65.0,307,45.513844,0.741677,0.259038,24.513373,36.098376,0.204701,0.588619,43.917852,13.830674,0.463629,3,4,7,6.781063,75.247281,77,,0.7433,,1.11218,0.06765,,1.0409,
v3,021-4-param_sweep,transplant(move)+persistence(stay),0,65.0,304,20.431049,0.845238,0.031598,24.923935,29.571662,0.242198,0.729244,42.849121,14.725962,0.161727,4,12,7,4.496618,89.800011,293,272,0.0233,0.0933,0.97339,-0.02144,1.30896,1.0033,0.74363
v3,021-4-param_sweep,transplant(move)+persistence(stay),0,65.0,305,37.287377,0.797106,0.454577,27.673016,20.349906,0.561005,0.672579,31.13238,7.469091,0.140451,3,3,5,3.191658,86.26838,276,212,0.08,0.2933,1.1602,0.12932,1.14697,1.05966,1.01153
v3,021-4-param_sweep,transplant(move)+persistence(stay),0,65.0,308,26.044212,2.383901,0.799314,37.870753,11.772421,0.349565,0.356398,59.559338,7.111893,0.131373,1,8,4,3.771606,63.483453,282,212,0.06,0.2933,1.19274,0.17234,1.23608,0.92921,0.96493
v3,021-4-param_sweep,transplant(move)+persistence(stay),0,65.0,309,28.390923,1.18055,0.416707,21.075819,37.75385,0.403228,0.574513,46.096897,8.052572,0.232557,4,9,3,2.688342,72.671925,289,262,0.0367,0.1267,1.05441,0.04777,1.33116,1.06117,0.7921
v3,021-4-param_sweep,transplant(move)+persistence(stay),0,65.0,310,20.398593,1.124159,0.450072,22.070319,11.341379,0.452147,0.741498,38.093659,7.20107,0.481291,4,4,5,6.72077,69.262392,294,267,0.02,0.11,0.99326,-0.02113,1.22403,0.85893,0.81147
v3,021-4-param_sweep,transplant(move)+persistence(stay),0,65.0,312,15.704247,2.085645,0.022824,17.733436,27.320277,0.239246,0.495883,32.101914,24.180558,0.276853,3,9,7,4.724568,61.104477,291,252,0.03,0.16,1.08553,0.06352,1.31417,0.82048,0.82602
v3,021-4-param_sweep,transplant(move)+persistence(stay),0,65.0,311,32.154592,0.650563,0.144845,25.133365,28.274278,0.248481,0.262746,40.350024,27.763142,0.156778,1,11,3,3.652168,84.001281,292,245,0.0267,0.1833,1.05051,0.0454,1.31425,1.09345,0.79932
v3,021-4-param_sweep,transplant(move)+persistence(stay),0,65.0,313,31.922932,0.996121,0.480335,17.076829,15.07318,0.178185,0.335382,35.367667,25.831937,0.161433,3,8,5,6.354801,86.469299,290,250,0.0333,0.1667,1.12475,0.10158,1.38246,1.01286,0.81358
v3,021-4-param_sweep,transplant(move)+persistence(stay),0,65.0,315,27.761324,0.69907,0.666656,27.590553,13.505885,0.2716,0.606071,39.213905,10.551994,0.167517,2,11,8,4.493929,94.549304,290,254,0.0333,0.1533,1.00296,0.00355,1.28114,1.10284,0.78286
v3,021-4-param_sweep,transplant(move)+persistence(stay),0,65.0,317,27.24129,0.851311,0.238723,34.660991,22.216709,0.292482,0.556486,21.409407,23.33957,0.161534,1,6,2,2.951217,70.578885,284,227,0.0533,0.2433,1.18583,0.16268,1.27007,1.02752,0.93367
v3,021-4-param_sweep,transplant(move)+persistence(stay),0,65.0,319,40.252891,0.754355,0.135286,21.684197,13.263735,0.419497,0.619153,36.247621,16.195723,0.366451,4,3,4,2.571549,98.113302,278,211,0.0733,0.2967,1.1113,0.07668,1.19985,1.01422,0.9262
v3,021-4-param_sweep,transplant(move)+persistence(stay),0,65.0,321,37.100834,0.853767,0.422655,12.710302,18.359104,0.382108,0.605962,21.573656,9.814358,0.398587,1,8,7,4.068127,70.836399,284,226,0.0533,0.2467,1.14601,0.13708,1.18265,0.99335,0.96901
v3,021-4-param_sweep,transplant(move)+persistence(stay),0,65.0,322,19.65504,1.610186,0.966064,21.708466,12.889879,0.346563,0.169193,27.120402,13.118389,0.444435,3,9,2,2.763827,83.76831,291,243,0.03,0.19,1.1014,0.07624,1.31148,0.87761,0.83981
v3,021-4-param_sweep,transplant(move)+persistence(stay),0,65.0,325,18.670736,1.063216,0.553585,29.03717,21.947126,0.21976,0.776905,28.72978,26.650036,0.185297,3,7,8,3.114391,73.261603,292,253,0.0267,0.1567,1.02397,0.01308,1.30977,0.9352,0.78179
v3,021-4-param_sweep,transplant(move)+persistence(stay),0,65.0,328,17.934725,1.199574,0.090821,18.325324,16.258049,0.523546,0.565326,17.335529,8.986615,0.358495,3,3,5,3.215741,98.834856,284,222,0.0533,0.26,1.01175,0.02882,1.13506,0.88592,0.89137
v3,021-4-param_sweep,transplant(move)+persistence(stay),0,65.0,331,51.494837,0.83786,0.19195,15.407446,14.390428,0.184373,0.498681,16.908727,7.276302,0.214412,3,11,8,5.244663,80.223125,67,,0.7767,,0.82513,-0.15645,,0.77048,
v3,021-4-param_sweep,transplant(move)+persistence(stay),0,65.0,327,17.00069,0.894072,0.333506,25.836074,14.27194,0.235701,0.544687,45.779841,16.831316,0.267564,2,12,2,4.866269,61.121714,296,268,0.0133,0.1067,0.99101,-0.01821,1.28773,0.93032,0.76958
v3,021-4-param_sweep,transplant(move)+persistence(stay),0,65.0,333,31.81724,2.234959,0.79085,28.485666,12.105661,0.389834,0.435035,22.110437,9.210664,0.148078,2,10,2,3.405401,80.008577,212,100,0.2933,0.6667,1.62797,0.51599,1.40801,1.11337,1.15622
v3,021-4-param_sweep,transplant(move)+persistence(stay),0,65.0,334,31.8566,0.889229,0.54344,17.139559,35.961487,0.558396,0.219161,25.817793,9.882341,0.216222,2,12,4,4.392185,63.173796,286,237,0.0467,0.21,1.17301,0.14876,1.28905,1.00054,0.90998
v3,021-4-param_sweep,transplant(move)+persistence(stay),0,65.0,335,29.716226,0.634402,0.21971,14.361568,28.716264,0.353567,0.424321,30.177186,20.826717,0.306483,1,7,3,3.64325,68.958097,290,247,0.0333,0.1767,1.09887,0.07808,1.33539,0.90824,0.82288
v3,021-4-param_sweep,transplant(move)+persistence(stay),0,65.0,336,26.439113,0.911589,0.921882,19.750523,16.94844,0.198278,0.585964,32.454136,9.390905,0.277729,4,5,4,5.057797,87.743781,290,247,0.0333,0.1767,1.07863,0.06358,1.29641,0.89598,0.83201
v3,021-4-param_sweep,transplant(move)+persistence(stay),0,65.0,338,18.710925,1.42164,0.432065,34.89641,18.618477,0.681457,0.464293,34.763692,9.069703,0.416697,1,9,2,6.231391,60.402187,285,236,0.05,0.2133,1.12607,0.09765,1.30425,0.99193,0.86339
v3,021-4-param_sweep,transplant(move)+persistence(stay),0,65.0,339,38.358905,0.90069,0.014238,17.373998,12.407402,0.228841,0.237638,60.533403,10.954429,0.244293,3,6,7,6.779539,83.905028,293,249,0.0233,0.17,1.05567,0.03794,1.29757,1.0015,0.81357
v3,021-4-param_sweep,transplant(move)+persistence(stay),0,65.0,341,19.677146,0.661502,0.228618,45.162599,11.57787,0.52457,0.320364,19.163463,12.573835,0.15656,3,9,5,4.480754,81.722001,281,230,0.0633,0.2333,0.98444,-0.0146,1.10039,1.01108,0.89463
v3,021-4-param_sweep,transplant(move)+persistence(stay),0,65.0,340,25.495903,1.099186,0.23084,13.385554,22.022375,0.259017,0.195462,46.119159,17.341774,0.151213,1,3,8,2.483442,85.468951,293,259,0.0233,0.1367,1.03646,0.04439,1.43268,1.19241,0.72344
v3,021-4-param_sweep,transplant(move)+persistence(stay),0,65.0,343,28.176202,1.624152,0.54508,31.184224,36.192886,0.298041,0.511994,38.656931,19.219166,0.149804,1,5,3,3.095113,66.675485,287,223,0.0433,0.2567,1.15588,0.14124,1.13153,1.03264,1.02153
v3,021-4-param_sweep,transplant(move)+persistence(stay),0,65.0,345,27.898475,2.146133,0.776423,24.709972,35.397862,0.252379,0.799763,31.653928,27.816038,0.27899,1,3,3,4.659277,92.82354,286,218,0.0467,0.2733,1.43498,0.37441,1.45164,1.09738,0.98852
v3,021-4-param_sweep,transplant(move)+persistence(stay),0,65.0,346,42.039117,0.965416,0.919858,23.995142,19.844213,0.181948,0.248819,46.474435,13.394155,0.430187,4,12,5,2.451111,78.947525,245,180,0.1833,0.4,1.16786,0.14573,1.32283,1.17554,0.88285
v3,021-4-param_sweep,transplant(move)+persistence(stay),0,65.0,348,16.955465,1.419094,0.262626,22.436019,21.228944,0.218978,0.298905,39.857411,24.655556,0.28359,2,6,2,3.907716,99.64193,294,268,0.02,0.1067,0.94672,-0.06123,1.36074,0.88158,0.69574
v3,021-4-param_sweep,transplant(move)+persistence(stay),0,65.0,350,34.979156,0.690309,0.248918,14.597402,11.868205,0.318702,0.500171,50.681536,18.285816,0.191511,3,11,3,2.843485,72.573253,295,267,0.0167,0.11,1.04226,0.04076,1.36013,1.15226,0.76629
v3,021-4-param_sweep,transplant(move)+persistence(stay),0,65.0,351,44.174298,0.608504,0.258277,23.241485,20.681349,0.266295,0.392467,39.104254,13.362203,0.44336,4,6,2,7.830513,92.243212,255,186,0.15,0.38,1.13218,0.11054,1.20892,1.03243,0.93653
v3,021-4-param_sweep,transplant(move)+persistence(stay),0,65.0,352,19.214135,1.631966,0.042697,47.819584,35.064176,0.390746,0.390831,48.230654,14.758082,0.381971,2,4,3,2.374878,76.38263,275,230,0.0833,0.2333,1.01826,0.03301,1.13962,1.10754,0.89351
v3,021-4-param_sweep,transplant(move)+persistence(stay),0,65.0,353,18.139868,0.844613,0.865658,34.506832,24.107455,0.311053,0.65018,22.096706,21.710102,0.213017,1,3,5,4.415777,69.953248,284,229,0.0533,0.2367,1.10051,0.07534,1.22005,0.95238,0.90202
v3,021-4-param_sweep,transplant(move)+persistence(stay),0,65.0,354,19.096394,0.722077,0.887258,29.695236,14.891912,0.266139,0.238225,36.503564,15.322602,0.136583,4,6,2,2.783966,78.849323,293,270,0.0233,0.1,0.94393,-0.04005,1.29168,0.95344,0.73078
v3,021-4-param_sweep,transplant(move)+persistence(stay),0,65.0,356,38.963422,2.25277,0.851684,13.147991,12.194713,0.266987,0.464872,57.702639,9.287165,0.202462,1,6,7,2.616455,81.110644,287,203,0.0433,0.3233,1.26685,0.23056,1.23322,1.04568,1.02727
v3,021-4-param_sweep,transplant(move)+persistence(stay),0,65.0,357,39.322649,0.653937,0.614073,22.705288,15.596311,0.54078,0.210756,20.363238,11.877288,0.189654,2,11,3,2.033198,61.035237,282,231,0.06,0.23,1.08938,0.07992,1.14435,0.98983,0.95196
v3,021-4-param_sweep,transplant(move)+persistence(stay),0,65.0,358,30.693558,0.946945,0.899955,15.988597,38.038671,0.285286,0.447261,52.75838,7.903973,0.149031,4,5,4,5.449592,64.735197,293,268,0.0233,0.1067,0.9751,-0.02038,1.23964,1.21193,0.78659
v3,021-4-param_sweep,transplant(move)+persistence(stay),0,65.0,359,15.147595,1.432195,0.357462,28.342762,28.192717,0.268917,0.682934,23.843722,16.968186,0.156,4,4,2,2.302766,96.131765,288,247,0.04,0.1767,1.09394,0.06944,1.26531,0.87565,0.86456
v3,021-4-param_sweep,transplant(move)+persistence(stay),0,65.0,360,17.927763,0.9344,0.768664,13.518144,30.897749,0.191857,0.1281,35.267478,8.634198,0.194673,3,8,5,7.265118,97.916076,295,268,0.0167,0.1067,1.01192,-0.00443,1.26206,0.942,0.80179
v3,021-4-param_sweep,transplant(move)+persistence(stay),0,65.0,362,20.280738,0.833928,0.487863,20.081264,13.264787,0.311,0.660565,29.889273,10.512291,0.311623,3,8,8,2.026553,99.071414,292,254,0.0267,0.1533,1.03742,0.01883,1.31188,0.84911,0.79079
v3,021-4-param_sweep,transplant(move)+persistence(stay),0,65.0,361,23.662656,1.170215,0.659289,30.221143,12.128035,0.294084,0.41568,60.600701,16.254063,0.413159,1,8,5,5.804707,78.658366,294,270,0.02,0.1,0.98828,-0.01908,1.36197,1.08778,0.72563
v3,021-4-param_sweep,transplant(move)+persistence(stay),0,65.0,363,34.856716,1.595484,0.905524,25.237832,27.986064,0.326269,0.339633,41.401654,24.319672,0.386217,4,9,4,4.146519,71.130432,288,229,0.04,0.2367,1.16891,0.14796,1.31295,1.08013,0.89029
v3,021-4-param_sweep,transplant(move)+persistence(stay),0,65.0,365,19.170181,1.607832,0.951204,38.824977,14.327762,0.20142,0.479809,58.589125,17.179927,0.167213,4,8,3,5.722031,70.660798,291,269,0.03,0.1033,0.99933,0.00037,1.31798,0.95409,0.75823
v3,021-4-param_sweep,transplant(move)+persistence(stay),0,65.0,368,19.4312,1.187658,0.715194,16.576343,23.380771,0.181032,0.7515,33.681819,10.621651,0.361066,1,8,5,4.131492,76.521768,288,246,0.04,0.18,1.04491,0.03453,1.29902,0.88695,0.80439
v3,021-4-param_sweep,transplant(move)+persistence(stay),0,65.0,369,23.610102,0.815068,0.786843,29.294012,16.952312,0.415493,0.473147,29.082059,14.843351,0.194319,3,8,6,7.979488,70.763821,290,245,0.0333,0.1833,1.05273,0.02818,1.26069,0.94448,0.83505
v3,021-4-param_sweep,transplant(move)+persistence(stay),0,65.0,372,25.641635,1.474323,0.042174,31.733291,12.826686,0.205384,0.416142,32.635495,15.478078,0.22382,2,12,7,2.94482,71.172079,285,232,0.05,0.2267,1.16642,0.14506,1.21176,1.0043,0.96258
v3,021-4-param_sweep,transplant(move)+persistence(stay),0,65.0,374,28.811809,1.176645,0.284955,17.647305,22.169488,0.293116,0.607156,25.561926,11.052049,0.332101,2,7,4,2.295857,65.42878,285,235,0.05,0.2167,1.22464,0.18079,1.37662,0.93772,0.8896
v3,021-4-param_sweep,transplant(move)+persistence(stay),0,65.0,373,18.875504,2.071091,0.970763,26.955329,14.190484,0.361336,0.616952,25.577432,7.926514,0.373814,3,4,7,3.505196,87.105228,287,234,0.0433,0.22,1.21412,0.18226,1.34079,0.88711,0.90553
v3,021-4-param_sweep,transplant(move)+persistence(stay),0,65.0,375,25.16882,1.580818,0.026582,25.594565,15.801426,0.475295,0.752515,55.338523,15.255632,0.196997,1,9,8,2.787749,61.317864,294,259,0.02,0.1367,1.06232,0.04285,1.32006,1.00411,0.80475
v3,021-4-param_sweep,transplant(move)+persistence(stay),0,65.0,376,26.995393,0.87976,0.239353,36.424795,16.220798,0.686551,0.32443,29.338601,8.034231,0.312173,4,10,5,7.762473,92.500661,289,224,0.0367,0.2533,1.15565,0.11827,1.24474,1.03432,0.92842
v3,021-4-param_sweep,transplant(move)+persistence(stay),0,65.0,378,40.803613,0.899034,0.621942,21.978454,33.64404,0.587764,0.464973,40.502378,17.341103,0.374717,1,12,4,3.988452,98.114082,276,213,0.08,0.29,1.14723,0.13066,1.20083,1.12728,0.95536
v3,021-4-param_sweep,transplant(move)+persistence(stay),0,65.0,377,18.156751,0.96029,0.843274,27.882942,26.146014,0.291243,0.47236,54.196775,13.039066,0.237738,2,10,5,2.661232,65.523604,296,277,0.0133,0.0767,0.95461,-0.04951,1.37324,1.21166,0.69515
v3,021-4-param_sweep,transplant(move)+persistence(stay),0,65.0,382,22.025676,0.88151,0.669786,16.711542,23.159168,0.457369,0.533743,26.98206,7.641457,0.192322,1,6,8,7.359815,82.35199,284,234,0.0533,0.22,1.14631,0.11665,1.17815,0.95519,0.97297
v3,021-4-param_sweep,transplant(move)+persistence(stay),0,65.0,384,39.46832,0.938749,0.623849,33.246281,22.454668,0.519832,0.484862,20.254203,19.057456,0.243939,1,5,4,3.225244,87.585451,86,,0.7133,,1.19407,0.15575,,1.04975,
v3,021-4-param_sweep,transplant(move)+persistence(stay),0,65.0,386,28.268889,0.621372,0.536214,12.583123,11.743613,0.423407,0.594557,20.244167,8.88913,0.449356,2,7,4,6.654007,93.156675,286,233,0.0467,0.2233,1.02739,0.01643,1.13458,0.93503,0.90552
v3,021-4-param_sweep,transplant(move)+persistence(stay),0,65.0,385,20.044715,1.721585,0.057614,33.686077,14.305736,0.311069,0.588499,62.809528,18.502586,0.487851,3,12,7,6.062524,72.790974,293,268,0.0233,0.1067,1.08578,0.06156,1.42034,1.0069,0.76445
v3,021-4-param_sweep,transplant(move)+persistence(stay),0,65.0,387,25.924541,0.646149,0.56177,38.098369,18.784175,0.2929,0.621942,36.362873,24.475496,0.25165,4,8,6,6.610385,85.985502,288,257,0.04,0.1433,1.04486,0.03403,1.29509,1.07809,0.80679
v3,021-4-param_sweep,transplant(move)+persistence(stay),0,65.0,389,47.313971,0.633412,0.711589,13.448218,25.327923,0.359921,0.435142,17.71137,8.057013,0.218892,3,4,5,4.410043,76.632372,265,189,0.1167,0.37,0.92383,-0.05776,1.03899,0.93047,0.88917
v3,021-4-param_sweep,transplant(move)+persistence(stay),0,65.0,388,20.450471,1.615948,0.639943,24.079368,13.964437,0.610302,0.774226,43.863195,8.020295,0.399832,2,5,7,3.540237,91.828146,293,262,0.0233,0.1267,1.02081,0.01619,1.39389,1.00348,0.73235
v3,021-4-param_sweep,transplant(move)+persistence(stay),0,65.0,390,20.174681,0.940573,0.769778,14.092165,16.622523,0.676018,0.728245,51.553622,20.995217,0.270462,2,7,3,2.818713,61.61167,296,273,0.0133,0.09,1.01547,0.00692,1.41756,1.11204,0.71635
v3,021-4-param_sweep,transplant(move)+persistence(stay),0,65.0,393,26.821895,1.142436,0.85783,13.580376,13.266863,0.170306,0.232644,17.234379,14.683455,0.126701,4,3,4,4.720216,80.57714,285,218,0.05,0.2733,0.97341,-0.02076,1.10475,0.93034,0.88111
v3,021-4-param_sweep,transplant(move)+persistence(stay),0,65.0,392,15.064957,0.691554,0.968044,43.135435,25.695537,0.562638,0.391937,41.946058,10.314572,0.235869,2,5,3,2.189169,66.326917,293,271,0.0233,0.0967,0.92904,-0.05731,1.2417,0.95688,0.7482
v3,021-4-param_sweep,transplant(move)+persistence(stay),0,65.0,394,17.938364,0.684928,0.865464,20.977316,19.238376,0.235304,0.422079,34.264336,9.266023,0.181263,2,3,7,3.147173,68.863684,295,271,0.0167,0.0967,0.95329,-0.03848,1.28075,0.80126,0.74432
v3,021-4-param_sweep,transplant(move)+persistence(stay),0,65.0,396,55.859374,0.764963,0.957018,23.089885,11.424881,0.184907,0.310763,47.684412,12.274662,0.133355,4,4,3,4.811096,88.495512,74,,0.7533,,1.11811,0.08503,,1.00649,
v3,021-4-param_sweep,transplant(move)+persistence(stay),0,65.0,397,24.075787,1.32973,0.842003,29.96267,22.198257,0.4987,0.691379,21.568479,10.382329,0.1398,4,5,4,5.636175,82.613338,285,229,0.05,0.2367,1.17363,0.15797,1.25132,0.94375,0.93791
v3,021-4-param_sweep,transplant(move)+persistence(stay),0,65.0,399,23.747103,0.828222,0.615318,14.749133,12.174927,0.199711,0.130826,21.675614,14.90401,0.299366,3,9,7,4.77196,79.543887,289,241,0.0367,0.1967,1.06535,0.05951,1.21961,0.89846,0.87352
v3,021-4-param_sweep,transplant(move)+persistence(stay),0,65.0,400,15.914021,2.223787,0.6672,30.374295,29.309155,0.310191,0.109669,18.413111,19.395716,0.490325,4,11,5,6.47096,97.599684,279,198,0.07,0.34,1.12239,0.13023,1.2095,1.0282,0.92798
v3,021-4-param_sweep,transplant(move)+persistence(stay),0,65.0,398,17.94164,1.093022,0.245513,28.569231,41.002846,0.279147,0.483541,27.200935,7.455431,0.480366,1,4,5,3.228808,99.56424,289,245,0.0367,0.1833,1.10603,0.07695,1.33741,0.89113,0.827
v3,021-4-param_sweep,transplant(move)+persistence(stay),0,65.0,403,21.786439,0.600849,0.094284,15.44464,13.055763,0.264524,0.118644,47.477275,10.165211,0.307645,3,12,2,3.000302,62.53993,296,272,0.0133,0.0933,1.00456,-0.00265,1.38881,1.10674,0.72332
v3,021-4-param_sweep,transplant(move)+persistence(stay),0,65.0,407,20.587299,0.772775,0.113541,47.985558,18.47983,0.322652,0.311818,29.135421,11.38396,0.480867,1,9,2,3.770304,91.115599,288,233,0.04,0.2233,1.06571,0.04964,1.21405,1.02384,0.87781
v3,021-4-param_sweep,transplant(move)+persistence(stay),0,65.0,406,35.475401,0.957914,0.760888,16.762361,33.176678,0.641595,0.798381,19.845035,10.792498,0.197383,4,11,5,3.634865,60.55585,284,221,0.0533,0.2633,1.12792,0.13598,1.19711,1.01091,0.9422
v3,021-4-param_sweep,transplant(move)+persistence(stay),0,65.0,405,34.094531,1.388937,0.959257,16.066619,12.1747,0.59038,0.634028,62.110891,18.887867,0.435715,4,3,4,6.238213,85.400562,291,264,0.03,0.12,1.05362,0.04507,1.29854,1.04271,0.81139
v3,021-4-param_sweep,transplant(move)+persistence(stay),0,65.0,404,19.471037,1.276037,0.975076,44.424795,11.860926,0.618889,0.404456,53.771071,9.514844,0.158923,1,5,5,4.469619,92.498428,295,269,0.0167,0.1033,1.01924,0.02725,1.23074,1.02842,0.82815
v3,021-4-param_sweep,transplant(move)+persistence(stay),0,65.0,408,35.944968,0.769583,0.384867,14.107715,12.933039,0.203483,0.764048,37.55641,25.25844,0.432716,4,10,5,7.46747,78.840486,289,251,0.0367,0.1633,1.14616,0.11632,1.37088,1.00039,0.83607
v3,021-4-param_sweep,transplant(move)+persistence(stay),0,65.0,412,27.70605,0.705653,0.368531,18.513088,33.273684,0.681499,0.585278,40.568975,9.834929,0.491589,1,7,4,5.300675,81.006218,287,253,0.0433,0.1567,1.06081,0.04186,1.34963,1.12685,0.786
v3,021-4-param_sweep,transplant(move)+persistence(stay),0,65.0,414,16.285987,0.994884,0.263451,19.811469,32.295388,0.504482,0.232404,44.542475,7.587987,0.229743,4,3,5,4.526539,66.398959,294,273,0.02,0.09,0.96036,-0.04764,1.33539,0.93876,0.71916
v3,021-4-param_sweep,transplant(move)+persistence(stay),0,65.0,413,34.344964,1.054333,0.520127,23.71075,13.447077,0.198592,0.434316,57.697286,9.258105,0.267979,2,11,5,5.022796,77.298188,293,257,0.0233,0.1433,1.0727,0.07045,1.33395,1.04995,0.80415
v3,021-4-param_sweep,transplant(move)+persistence(stay),0,65.0,415,18.381383,2.321141,0.746727,20.265229,16.743319,0.320094,0.3225,19.244408,24.40029,0.253765,3,5,8,2.052706,80.339222,281,203,0.0633,0.3233,1.41247,0.36872,1.49185,0.91232,0.94679
v3,021-4-param_sweep,transplant(move)+persistence(stay),0,65.0,411,26.578817,0.756216,0.813424,34.161896,42.590341,0.175625,0.213069,45.641876,22.400066,0.152987,2,7,3,2.407099,60.053909,293,266,0.0233,0.1133,0.95761,-0.02195,1.23571,1.05088,0.77494
v3,021-4-param_sweep,transplant(move)+persistence(stay),0,65.0,416,41.037924,0.936637,0.44689,19.627609,22.086129,0.58355,0.51756,28.570628,19.528792,0.167457,2,12,4,2.228687,82.531973,253,179,0.1567,0.4033,1.22972,0.20037,1.25379,1.07628,0.98081
v3,021-4-param_sweep,transplant(move)+persistence(stay),0,65.0,417,15.384684,0.845237,0.522465,14.713106,22.136643,0.235673,0.719141,19.577745,26.713681,0.171668,4,11,4,2.123438,99.812223,289,242,0.0367,0.1933,0.9811,-0.02204,1.21025,0.9125,0.81066
v3,021-4-param_sweep,transplant(move)+persistence(stay),0,65.0,420,20.550832,1.757517,0.481713,40.811987,11.547506,0.372235,0.167445,34.224235,22.419893,0.249679,1,8,7,5.365944,87.432164,282,227,0.06,0.2433,1.29946,0.26047,1.44285,1.06737,0.90062
v3,021-4-param_sweep,transplant(move)+persistence(stay),0,65.0,421,16.267047,2.325341,0.843284,27.381962,37.93257,0.486483,0.296096,24.221234,7.232029,0.318949,1,10,2,2.813076,98.286504,284,221,0.0533,0.2633,1.35443,0.29399,1.48305,0.93742,0.91327
v3,021-4-param_sweep,transplant(move)+persistence(stay),0,65.0,427,16.687159,0.925006,0.415554,31.858763,35.215064,0.194789,0.151127,27.400205,26.981216,0.153196,2,6,4,7.903158,82.783828,289,249,0.0367,0.17,1.03596,0.02396,1.23999,0.95231,0.83545
v3,021-4-param_sweep,transplant(move)+persistence(stay),0,65.0,426,16.315876,1.421855,0.310117,17.816057,36.00754,0.374518,0.488816,47.286746,7.618755,0.219981,3,5,8,3.136265,73.732496,296,275,0.0133,0.0833,0.99365,-0.02157,1.38282,0.97786,0.71857
v3,021-4-param_sweep,transplant(move)+persistence(stay),0,65.0,432,24.088777,1.019679,0.16408,27.250508,12.227155,0.378304,0.685511,16.279631,12.327605,0.406603,1,5,3,5.898203,95.846501,277,208,0.0767,0.3067,0.96649,-0.01884,1.09064,0.98873,0.88617
v3,021-4-param_sweep,transplant(move)+persistence(stay),0,65.0,430,31.338935,0.670848,0.55653,20.756843,11.189925,0.308503,0.699784,35.385524,10.724405,0.165383,1,5,3,7.91929,95.775963,288,233,0.04,0.2233,1.15335,0.126,1.27372,1.04629,0.9055
v3,021-4-param_sweep,transplant(move)+persistence(stay),0,65.0,431,22.58014,1.840419,0.938887,24.564731,13.100129,0.382516,0.776354,51.894221,11.579054,0.169438,3,12,2,4.703083,65.469995,293,266,0.0233,0.1133,1.01152,0.00205,1.33906,0.99931,0.75539
v3,021-4-param_sweep,transplant(move)+persistence(stay),0,65.0,429,16.482909,1.264484,0.549026,12.585449,16.516105,0.272804,0.546331,29.837039,20.810274,0.125646,4,10,6,5.847913,73.290885,290,257,0.0333,0.1433,1.06401,0.04239,1.28217,0.87475,0.82985
v3,021-4-param_sweep,transplant(move)+persistence(stay),0,65.0,433,37.693746,1.531145,0.890675,24.277471,37.662487,0.224041,0.367281,22.966353,8.310665,0.293882,2,5,8,4.845297,64.20685,191,124,0.3633,0.5867,1.50727,0.44162,1.162,0.99938,1.29713
v3,021-4-param_sweep,transplant(move)+persistence(stay),0,65.0,434,22.886866,0.694851,0.737788,33.456892,33.252505,0.469837,0.411228,17.164786,8.572536,0.21673,3,4,2,3.130018,92.981799,283,219,0.0567,0.27,0.93761,-0.05357,1.10986,1.0375,0.8448
v3,021-4-param_sweep,transplant(move)+persistence(stay),0,65.0,435,23.451141,2.260646,0.109864,19.354454,42.517491,0.216892,0.189223,61.965136,14.045342,0.458203,4,4,5,2.567082,78.966357,292,266,0.0267,0.1133,1.02366,0.01095,1.23421,0.9969,0.82941
v3,021-4-param_sweep,transplant(move)+persistence(stay),0,65.0,436,31.986507,0.693376,0.890285,39.798178,12.956167,0.397211,0.345265,51.32637,7.675004,0.202105,3,7,3,5.97943,84.467661,294,263,0.02,0.1233,1.00399,0.00513,1.20952,1.03335,0.83007
v3,021-4-param_sweep,transplant(move)+persistence(stay),0,65.0,437,16.747025,0.765436,0.893368,21.185275,35.29954,0.377868,0.525585,23.092424,20.913354,0.392171,1,7,7,2.688527,93.462366,289,248,0.0367,0.1733,1.08044,0.06322,1.28891,0.90855,0.83826
v3,021-4-param_sweep,transplant(move)+persistence(stay),0,65.0,440,17.991105,1.052742,0.022365,16.045834,43.523996,0.451664,0.414151,22.317462,8.721104,0.12638,4,12,5,3.166145,68.494831,290,249,0.0333,0.17,1.08856,0.06316,1.23969,0.92183,0.87809
v3,021-4-param_sweep,transplant(move)+persistence(stay),0,65.0,441,24.786977,2.028702,0.606701,26.666581,22.582779,0.53535,0.16404,26.274706,8.863494,0.177708,1,11,6,2.233163,61.490862,287,224,0.0433,0.2533,1.33436,0.2802,1.3707,0.95376,0.97348
v3,021-4-param_sweep,transplant(move)+persistence(stay),0,65.0,443,15.504794,0.837131,0.915905,17.141183,28.981206,0.185767,0.434419,25.885562,22.580381,0.169403,3,6,4,4.489179,80.198572,291,257,0.03,0.1433,1.00961,-0.00285,1.25814,0.8595,0.80247
v3,021-4-param_sweep,transplant(move)+persistence(stay),0,65.0,442,21.277995,1.413822,0.369979,18.887344,20.021987,0.424154,0.367623,51.385609,18.960567,0.20895,1,6,3,4.798206,82.475367,293,262,0.0233,0.1267,1.04794,0.01597,1.36586,1.07452,0.76724
v3,021-4-param_sweep,transplant(move)+persistence(stay),0,65.0,444,16.604548,1.400772,0.122569,44.340844,42.040824,0.371224,0.520404,40.695579,8.441393,0.129588,3,8,2,4.344594,78.482591,292,266,0.0267,0.1133,0.99298,-0.00835,1.17006,0.9261,0.84866
v3,021-4-param_sweep,transplant(move)+persistence(stay),0,65.0,446,24.714875,2.171128,0.787578,15.159272,33.158137,0.467553,0.73592,34.239721,9.28189,0.419086,1,9,5,2.692191,81.863175,287,225,0.0433,0.25,1.33941,0.26624,1.52418,1.04266,0.87877
v3,021-4-param_sweep,transplant(move)+persistence(stay),0,65.0,448,24.289332,0.65407,0.39209,18.464682,25.023098,0.266069,0.787051,33.256397,23.071731,0.434058,2,12,3,3.147614,97.301967,292,258,0.0267,0.14,1.02299,0.01247,1.27927,0.93362,0.79966
v3,021-4-param_sweep,transplant(move)+persistence(stay),0,65.0,449,36.4653,0.854807,0.377179,16.660717,20.608769,0.334349,0.116403,34.973371,13.012402,0.149868,4,6,5,7.345782,91.502044,289,239,0.0367,0.2033,1.16015,0.13772,1.32626,1.0699,0.87475
v3,021-4-param_sweep,transplant(move)+persistence(stay),0,65.0,450,28.278912,1.470704,0.625444,26.991272,26.51609,0.337182,0.494397,39.487793,10.418024,0.44034,2,3,3,4.943849,85.593377,288,243,0.04,0.19,1.11849,0.10273,1.24447,0.96485,0.89877
v3,021-4-param_sweep,transplant(move)+persistence(stay),0,65.0,452,19.749318,1.656316,0.052345,45.947968,13.195957,0.240777,0.384209,29.694611,14.062069,0.135634,3,3,6,2.44862,71.085671,281,207,0.0633,0.31,1.07742,0.07502,1.12625,1.00266,0.95665
v3,021-4-param_sweep,transplant(move)+persistence(stay),0,65.0,453,19.367539,0.815683,0.506277,13.731927,22.099705,0.23141,0.210103,53.315897,19.756056,0.159043,4,8,3,4.652385,73.390269,294,274,0.02,0.0867,0.99631,-0.00885,1.36903,1.12786,0.72775
v3,021-4-param_sweep,transplant(move)+persistence(stay),0,65.0,454,33.779846,0.701209,0.457375,22.200164,23.665801,0.401687,0.675348,39.304121,25.061155,0.157124,2,11,6,3.753315,68.93465,290,252,0.0333,0.16,1.0288,0.02316,1.31018,1.12827,0.78523
v3,021-4-param_sweep,transplant(move)+persistence(stay),0,65.0,455,35.369678,1.011772,0.681937,27.21565,12.970267,0.248675,0.162858,31.941896,14.866963,0.44207,2,4,3,7.862425,98.749882,280,217,0.0667,0.2767,1.19216,0.15301,1.25674,0.98984,0.94861
v3,021-4-param_sweep,transplant(move)+persistence(stay),0,65.0,456,16.706383,1.007307,0.251261,19.40039,23.944479,0.174158,0.503461,42.476475,8.290144,0.26116,3,8,2,3.058547,79.472938,296,269,0.0133,0.1033,0.99366,-0.01323,1.41828,1.04916,0.70061
v3,021-4-param_sweep,transplant(move)+persistence(stay),0,65.0,458,20.000997,1.796893,0.600166,48.998645,22.340835,0.441458,0.349501,55.631429,16.75098,0.346464,4,6,6,6.027524,80.585271,281,226,0.0633,0.2467,1.05564,0.04836,1.21665,1.0306,0.86766
v3,021-4-param_sweep,transplant(move)+persistence(stay),0,65.0,460,20.913472,0.610687,0.789071,31.285189,39.957168,0.219527,0.659089,20.313657,10.829054,0.271659,1,8,7,4.224066,66.856668,283,233,0.0567,0.2233,1.0232,0.02184,1.15072,0.98022,0.88918
v3,021-4-param_sweep,transplant(move)+persistence(stay),0,65.0,459,24.150801,1.977261,0.886787,13.440479,12.213775,0.453699,0.431998,28.127627,14.790286,0.205525,2,10,3,2.20311,80.874953,288,232,0.04,0.2267,1.29726,0.24419,1.50031,0.87584,0.86466
v3,021-4-param_sweep,transplant(move)+persistence(stay),0,65.0,461,24.444143,1.010249,0.772499,44.25337,14.300214,0.282452,0.615366,26.528128,27.132749,0.222887,4,6,7,6.847307,96.53026,286,226,0.0467,0.2467,1.08433,0.06516,1.20833,1.05956,0.89738
v3,021-4-param_sweep,transplant(move)+persistence(stay),0,65.0,463,16.826333,1.35117,0.716796,20.207563,21.133661,0.173307,0.370754,19.55516,10.020522,0.201182,1,5,3,5.168943,89.880648,280,219,0.0667,0.27,1.06768,0.06873,1.12389,0.94164,0.94998
v3,021-4-param_sweep,transplant(move)+persistence(stay),0,65.0,464,22.933981,1.243399,0.68731,32.821721,13.508729,0.454036,0.192513,45.556103,15.32896,0.258093,1,4,4,3.37524,85.849597,291,256,0.03,0.1467,1.03249,0.02837,1.20968,1.1599,0.85352
v3,021-4-param_sweep,transplant(move)+persistence(stay),0,65.0,465,16.778958,2.257335,0.624065,28.093341,42.680218,0.377489,0.102474,35.104635,22.945365,0.338098,1,10,2,7.333545,70.81675,281,221,0.0633,0.2633,1.30879,0.25308,1.44123,0.94058,0.90811
v3,021-4-param_sweep,transplant(move)+persistence(stay),0,65.0,466,32.2243,1.581781,0.387418,18.806896,31.279411,0.211603,0.242294,44.448005,8.358474,0.401894,4,7,4,3.151587,82.037352,289,248,0.0367,0.1733,1.18755,0.15864,1.33667,1.08287,0.88844
v3,021-4-param_sweep,transplant(move)+persistence(stay),0,65.0,468,22.520805,1.130395,0.155231,21.700151,16.480245,0.427319,0.791492,25.267559,12.091875,0.176439,1,3,4,2.198216,86.108617,291,242,0.03,0.1933,1.14602,0.12152,1.32804,0.90248,0.86294
v3,021-4-param_sweep,transplant(move)+persistence(stay),0,65.0,467,40.00371,0.961591,0.870964,20.075612,32.583821,0.357473,0.518868,48.663846,11.409708,0.21349,2,9,7,4.64298,67.728792,289,246,0.0367,0.18,1.03616,0.03377,1.24824,1.12047,0.83009
v3,021-4-param_sweep,transplant(move)+persistence(stay),0,65.0,469,31.433041,0.858077,0.196007,32.696688,26.104336,0.380421,0.358387,41.158468,9.071241,0.242653,1,8,6,3.370384,97.231065,284,228,0.0533,0.24,1.08403,0.06479,1.25132,1.10381,0.86631
v3,021-4-param_sweep,transplant(move)+persistence(stay),0,65.0,470,17.942446,0.688963,0.143034,46.445828,16.369319,0.238138,0.551071,60.660733,13.916008,0.169627,2,4,4,3.323904,93.280836,294,276,0.02,0.08,1.00867,0.01645,1.2203,0.94192,0.82657
v3,021-4-param_sweep,transplant(move)+persistence(stay),0,65.0,473,18.887201,1.253177,0.461067,41.456287,23.659116,0.410456,0.687671,16.327015,27.774349,0.170917,2,8,6,4.12132,97.130408,275,208,0.0833,0.3067,0.91987,-0.06702,1.11513,1.06942,0.8249
v3,021-4-param_sweep,transplant(move)+persistence(stay),0,65.0,471,43.914679,0.630239,0.736416,30.493848,17.15562,0.253726,0.185167,24.951774,7.384559,0.183441,3,8,2,2.892432,83.055161,157,85,0.4767,0.7167,1.24142,0.22083,1.06366,1.07182,1.16711
v3,021-4-param_sweep,transplant(move)+persistence(stay),0,65.0,475,19.584109,1.870177,0.323253,14.706966,15.450735,0.229811,0.254967,27.553158,14.80121,0.454021,3,3,4,5.642034,75.603714,289,241,0.0367,0.1967,1.19441,0.15297,1.30548,0.82374,0.91492
v3,021-4-param_sweep,transplant(move)+persistence(stay),0,65.0,476,29.778592,1.011908,0.399485,41.655833,27.889002,0.346284,0.397046,23.422305,8.19157,0.154574,3,10,6,3.038198,83.174111,153,124,0.49,0.5867,1.13339,0.09991,1.1436,1.00548,0.99107
v3,021-4-param_sweep,transplant(move)+persistence(stay),0,65.0,478,25.280186,0.864716,0.431908,45.041377,36.412125,0.204285,0.573739,20.034901,8.322499,0.289764,3,11,5,3.367002,65.576444,243,166,0.19,0.4467,1.08264,0.06901,1.12645,0.98766,0.96111
v3,021-4-param_sweep,transplant(move)+persistence(stay),0,65.0,477,30.134238,1.150375,0.751099,21.196769,12.952036,0.298313,0.552849,25.787884,10.072489,0.463735,2,9,4,3.778981,75.832544,287,234,0.0433,0.22,1.21372,0.18364,1.35634,0.97159,0.89485
v3,021-4-param_sweep,transplant(move)+persistence(stay),0,65.0,481,23.773824,0.745746,0.864065,45.194241,22.474212,0.384784,0.24988,25.156781,12.287475,0.432694,1,5,5,2.695489,82.301657,284,233,0.0533,0.2233,1.08533,0.07368,1.19735,1.09574,0.90644
v3,021-4-param_sweep,transplant(move)+persistence(stay),0,65.0,483,44.798398,0.634878,0.552367,15.719218,11.623097,0.261694,0.560927,22.523429,12.495907,0.251364,4,7,4,6.841723,80.969504,258,187,0.14,0.3767,1.11304,0.10648,1.11439,0.95536,0.99879
v3,021-4-param_sweep,transplant(move)+persistence(stay),0,65.0,484,22.923233,1.589753,0.307956,41.123845,23.888479,0.403052,0.645149,25.076653,20.51914,0.133013,4,8,8,4.878344,69.380438,268,183,0.1067,0.39,1.25713,0.22271,1.26515,1.0279,0.99366
v3,021-4-param_sweep,transplant(move)+persistence(stay),0,65.0,485,31.000518,0.697184,0.576207,16.999515,26.634833,0.551963,0.662643,27.758509,10.808814,0.231966,3,12,2,7.123324,86.214724,290,240,0.0333,0.2,1.1794,0.14337,1.24198,1.00804,0.94961
v3,021-4-param_sweep,transplant(move)+persistence(stay),0,65.0,487,18.137534,0.997401,0.089888,30.145163,40.425478,0.27198,0.289434,31.606033,19.721781,0.243581,2,4,4,2.036805,66.382398,290,260,0.0333,0.1333,0.99535,-0.01738,1.38039,0.91267,0.72106
v3,021-4-param_sweep,transplant(move)+persistence(stay),0,65.0,488,23.374867,0.756492,0.951847,31.817005,26.881706,0.251128,0.353369,24.122985,20.06172,0.178237,3,5,7,4.508906,60.592019,289,242,0.0367,0.1933,1.08501,0.06819,1.29015,0.93875,0.84099
v3,021-4-param_sweep,transplant(move)+persistence(stay),0,65.0,489,52.14093,0.707451,0.962066,28.723114,25.108809,0.286562,0.740645,30.873394,7.521708,0.177645,3,8,7,7.30749,66.744184,62,,0.7933,,1.21649,0.18373,,1.0655,
v3,021-4-param_sweep,transplant(move)+persistence(stay),0,65.0,491,31.226867,1.656223,0.906841,17.360199,22.876279,0.436431,0.766327,22.875282,26.382474,0.134489,1,10,6,4.767134,90.974074,291,227,0.03,0.2433,1.3418,0.30119,1.48124,0.9639,0.90586
v3,021-4-param_sweep,transplant(move)+persistence(stay),0,65.0,490,22.340078,0.803991,0.01575,20.974481,37.557612,0.391802,0.674248,39.740261,14.26686,0.32142,4,6,4,3.384126,65.721901,293,270,0.0233,0.1,0.96771,-0.03194,1.30767,0.99625,0.74002
v3,021-4-param_sweep,transplant(move)+persistence(stay),0,65.0,492,19.504836,1.880431,0.80423,49.36939,19.118998,0.308038,0.108228,24.105112,8.004452,0.416696,4,7,5,2.960518,60.912304,264,175,0.12,0.4167,1.26317,0.22463,1.24169,1.04317,1.0173
v3,021-4-param_sweep,transplant(move)+persistence(stay),0,65.0,493,25.883252,0.928617,0.548406,42.612155,17.836571,0.218078,0.123345,22.653544,13.552024,0.165167,4,6,4,2.631767,68.79961,282,213,0.06,0.29,1.11269,0.103,1.17045,1.02411,0.95066
v3,021-4-param_sweep,transplant(move)+persistence(stay),0,65.0,494,49.127643,1.170087,0.950692,17.181542,20.275592,0.184813,0.223371,18.225762,13.187664,0.438806,2,9,2,2.217874,96.662302,126,,0.58,,1.0468,0.06224,,1.03834,
v3,021-4-param_sweep,transplant(move)+persistence(stay),0,65.0,497,23.561341,1.959135,0.587563,42.732268,28.059576,0.229145,0.210842,59.710311,12.75174,0.25394,4,5,4,3.249903,95.969012,284,230,0.0533,0.2333,1.10491,0.07496,1.26551,0.97429,0.87309
v3,021-4-param_sweep,transplant(move)+persistence(stay),0,65.0,499,28.245715,1.852488,0.47659,31.759406,11.132363,0.394915,0.487683,19.671133,24.695279,0.138242,4,10,7,2.921764,92.161014,261,137,0.13,0.5433,1.46748,0.40656,1.36179,1.11443,1.07761
v3,021-4-param_sweep,transplant(move)+persistence(stay),0,65.0,498,28.262938,1.475738,0.749438,32.577302,15.113917,0.321244,0.406792,39.602635,8.806634,0.410575,1,5,3,2.514072,63.492672,287,233,0.0433,0.2233,1.12808,0.10511,1.24857,0.96063,0.9035
